class	path
org.greenrobot.eventbus.Poster	/Users/mushfiqurrahmanchowdhury/Documents/EventBus/EventBus/src/org/greenrobot/eventbus/Poster.java
org.greenrobot.eventbus.Subscription	/Users/mushfiqurrahmanchowdhury/Documents/EventBus/EventBus/src/org/greenrobot/eventbus/Subscription.java
org.greenrobot.eventbus.SubscriberMethod	/Users/mushfiqurrahmanchowdhury/Documents/EventBus/EventBus/src/org/greenrobot/eventbus/SubscriberMethod.java
org.greenrobot.eventbus.ThreadMode	/Users/mushfiqurrahmanchowdhury/Documents/EventBus/EventBus/src/org/greenrobot/eventbus/ThreadMode.java
org.greenrobot.eventbus.EventBus	/Users/mushfiqurrahmanchowdhury/Documents/EventBus/EventBus/src/org/greenrobot/eventbus/EventBus.java
org.greenrobot.eventbus.EventBus$1	/Users/mushfiqurrahmanchowdhury/Documents/EventBus/EventBus/src/org/greenrobot/eventbus/EventBus.java
org.greenrobot.eventbus.EventBus$PostingThreadState	/Users/mushfiqurrahmanchowdhury/Documents/EventBus/EventBus/src/org/greenrobot/eventbus/EventBus.java
org.greenrobot.eventbus.EventBus$PostCallback	/Users/mushfiqurrahmanchowdhury/Documents/EventBus/EventBus/src/org/greenrobot/eventbus/EventBus.java
org.greenrobot.eventbus.EventBusBuilder	/Users/mushfiqurrahmanchowdhury/Documents/EventBus/EventBus/src/org/greenrobot/eventbus/EventBusBuilder.java
org.greenrobot.eventbus.MainThreadSupport	/Users/mushfiqurrahmanchowdhury/Documents/EventBus/EventBus/src/org/greenrobot/eventbus/MainThreadSupport.java
org.greenrobot.eventbus.BackgroundPoster	/Users/mushfiqurrahmanchowdhury/Documents/EventBus/EventBus/src/org/greenrobot/eventbus/BackgroundPoster.java
org.greenrobot.eventbus.AsyncPoster	/Users/mushfiqurrahmanchowdhury/Documents/EventBus/EventBus/src/org/greenrobot/eventbus/AsyncPoster.java
org.greenrobot.eventbus.SubscriberMethodFinder	/Users/mushfiqurrahmanchowdhury/Documents/EventBus/EventBus/src/org/greenrobot/eventbus/SubscriberMethodFinder.java
org.greenrobot.eventbus.SubscriberMethodFinder$FindState	/Users/mushfiqurrahmanchowdhury/Documents/EventBus/EventBus/src/org/greenrobot/eventbus/SubscriberMethodFinder.java
org.greenrobot.eventbus.Logger	/Users/mushfiqurrahmanchowdhury/Documents/EventBus/EventBus/src/org/greenrobot/eventbus/Logger.java
org.greenrobot.eventbus.Logger$JavaLogger	/Users/mushfiqurrahmanchowdhury/Documents/EventBus/EventBus/src/org/greenrobot/eventbus/Logger.java
org.greenrobot.eventbus.Logger$SystemOutLogger	/Users/mushfiqurrahmanchowdhury/Documents/EventBus/EventBus/src/org/greenrobot/eventbus/Logger.java
org.greenrobot.eventbus.Logger$Default	/Users/mushfiqurrahmanchowdhury/Documents/EventBus/EventBus/src/org/greenrobot/eventbus/Logger.java
org.greenrobot.eventbus.PendingPost	/Users/mushfiqurrahmanchowdhury/Documents/EventBus/EventBus/src/org/greenrobot/eventbus/PendingPost.java
org.greenrobot.eventbus.meta.SubscriberInfoIndex	/Users/mushfiqurrahmanchowdhury/Documents/EventBus/EventBus/src/org/greenrobot/eventbus/meta/SubscriberInfoIndex.java
org.greenrobot.eventbus.meta.SubscriberInfo	/Users/mushfiqurrahmanchowdhury/Documents/EventBus/EventBus/src/org/greenrobot/eventbus/meta/SubscriberInfo.java
org.greenrobot.eventbus.PendingPostQueue	/Users/mushfiqurrahmanchowdhury/Documents/EventBus/EventBus/src/org/greenrobot/eventbus/PendingPostQueue.java
org.greenrobot.eventbus.SubscriberExceptionEvent	/Users/mushfiqurrahmanchowdhury/Documents/EventBus/EventBus/src/org/greenrobot/eventbus/SubscriberExceptionEvent.java
org.greenrobot.eventbus.util.ThrowableFailureEvent	/Users/mushfiqurrahmanchowdhury/Documents/EventBus/EventBus/src/org/greenrobot/eventbus/util/ThrowableFailureEvent.java
org.greenrobot.eventbus.util.HasExecutionScope	/Users/mushfiqurrahmanchowdhury/Documents/EventBus/EventBus/src/org/greenrobot/eventbus/util/HasExecutionScope.java
org.greenrobot.eventbus.util.AsyncExecutor	/Users/mushfiqurrahmanchowdhury/Documents/EventBus/EventBus/src/org/greenrobot/eventbus/util/AsyncExecutor.java
org.greenrobot.eventbus.util.AsyncExecutor$Builder	/Users/mushfiqurrahmanchowdhury/Documents/EventBus/EventBus/src/org/greenrobot/eventbus/util/AsyncExecutor.java
org.greenrobot.eventbus.util.AsyncExecutor$RunnableEx	/Users/mushfiqurrahmanchowdhury/Documents/EventBus/EventBus/src/org/greenrobot/eventbus/util/AsyncExecutor.java
org.greenrobot.eventbus.util.ExceptionToResourceMapping	/Users/mushfiqurrahmanchowdhury/Documents/EventBus/EventBus/src/org/greenrobot/eventbus/util/ExceptionToResourceMapping.java
org.greenrobot.eventbus.Subscribe	/Users/mushfiqurrahmanchowdhury/Documents/EventBus/EventBus/src/org/greenrobot/eventbus/Subscribe.java
org.greenrobot.eventbus.meta.SimpleSubscriberInfo	/Users/mushfiqurrahmanchowdhury/Documents/EventBus/EventBus/src/org/greenrobot/eventbus/meta/SimpleSubscriberInfo.java
org.greenrobot.eventbus.meta.AbstractSubscriberInfo	/Users/mushfiqurrahmanchowdhury/Documents/EventBus/EventBus/src/org/greenrobot/eventbus/meta/AbstractSubscriberInfo.java
org.greenrobot.eventbus.meta.SubscriberMethodInfo	/Users/mushfiqurrahmanchowdhury/Documents/EventBus/EventBus/src/org/greenrobot/eventbus/meta/SubscriberMethodInfo.java
org.greenrobot.eventbus.android.AndroidComponents	/Users/mushfiqurrahmanchowdhury/Documents/EventBus/EventBus/src/org/greenrobot/eventbus/android/AndroidComponents.java
org.greenrobot.eventbus.android.AndroidDependenciesDetector	/Users/mushfiqurrahmanchowdhury/Documents/EventBus/EventBus/src/org/greenrobot/eventbus/android/AndroidDependenciesDetector.java
org.greenrobot.eventbus.EventBusException	/Users/mushfiqurrahmanchowdhury/Documents/EventBus/EventBus/src/org/greenrobot/eventbus/EventBusException.java
org.greenrobot.eventbus.NoSubscriberEvent	/Users/mushfiqurrahmanchowdhury/Documents/EventBus/EventBus/src/org/greenrobot/eventbus/NoSubscriberEvent.java
