message_type	message	enc_class	enc_member	offset	path	target_kind	target_class	target_method	target_param	target_index	target_path
DEREFERENCE_NULLABLE	dereferenced expression postingState.subscription is @Nullable	org.greenrobot.eventbus.EventBus	cancelEventDelivery(java.lang.Object)	13483	/Users/mushfiqurrahmanchowdhury/Documents/EventBus/EventBus/src/org/greenrobot/eventbus/EventBus.java	null	null	null	null	null	null
PASS_NULLABLE	passing @Nullable parameter 'event' where @NonNull is required	org.greenrobot.eventbus.EventBus	postToSubscription(org.greenrobot.eventbus.Subscription,java.lang.Object,boolean)	18894	/Users/mushfiqurrahmanchowdhury/Documents/EventBus/EventBus/src/org/greenrobot/eventbus/EventBus.java	PARAMETER	org.greenrobot.eventbus.Poster	enqueue(org.greenrobot.eventbus.Subscription,java.lang.Object)	event	1	/Users/mushfiqurrahmanchowdhury/Documents/EventBus/EventBus/src/org/greenrobot/eventbus/Poster.java
DEREFERENCE_NULLABLE	dereferenced expression mainThreadPoster is @Nullable	org.greenrobot.eventbus.EventBus	postToSubscription(org.greenrobot.eventbus.Subscription,java.lang.Object,boolean)	18894	/Users/mushfiqurrahmanchowdhury/Documents/EventBus/EventBus/src/org/greenrobot/eventbus/EventBus.java	null	null	null	null	null	null
PASS_NULLABLE	passing @Nullable parameter 'event' where @NonNull is required	org.greenrobot.eventbus.EventBus	postToSubscription(org.greenrobot.eventbus.Subscription,java.lang.Object,boolean)	19081	/Users/mushfiqurrahmanchowdhury/Documents/EventBus/EventBus/src/org/greenrobot/eventbus/EventBus.java	PARAMETER	org.greenrobot.eventbus.Poster	enqueue(org.greenrobot.eventbus.Subscription,java.lang.Object)	event	1	/Users/mushfiqurrahmanchowdhury/Documents/EventBus/EventBus/src/org/greenrobot/eventbus/Poster.java
PASS_NULLABLE	passing @Nullable parameter 'event' where @NonNull is required	org.greenrobot.eventbus.EventBus	postToSubscription(org.greenrobot.eventbus.Subscription,java.lang.Object,boolean)	19436	/Users/mushfiqurrahmanchowdhury/Documents/EventBus/EventBus/src/org/greenrobot/eventbus/EventBus.java	PARAMETER	org.greenrobot.eventbus.BackgroundPoster	enqueue(org.greenrobot.eventbus.Subscription,java.lang.Object)	event	1	/Users/mushfiqurrahmanchowdhury/Documents/EventBus/EventBus/src/org/greenrobot/eventbus/BackgroundPoster.java
PASS_NULLABLE	passing @Nullable parameter 'event' where @NonNull is required	org.greenrobot.eventbus.EventBus	postToSubscription(org.greenrobot.eventbus.Subscription,java.lang.Object,boolean)	19648	/Users/mushfiqurrahmanchowdhury/Documents/EventBus/EventBus/src/org/greenrobot/eventbus/EventBus.java	PARAMETER	org.greenrobot.eventbus.AsyncPoster	enqueue(org.greenrobot.eventbus.Subscription,java.lang.Object)	event	1	/Users/mushfiqurrahmanchowdhury/Documents/EventBus/EventBus/src/org/greenrobot/eventbus/AsyncPoster.java
DEREFERENCE_NULLABLE	dereferenced expression subscription is @Nullable	org.greenrobot.eventbus.EventBus	invokeSubscriber(org.greenrobot.eventbus.PendingPost)	21668	/Users/mushfiqurrahmanchowdhury/Documents/EventBus/EventBus/src/org/greenrobot/eventbus/EventBus.java	null	null	null	null	null	null
DEREFERENCE_NULLABLE	dereferenced expression event is @Nullable	org.greenrobot.eventbus.EventBus	handleSubscriberException(org.greenrobot.eventbus.Subscription,java.lang.Object,java.lang.Throwable)	23270	/Users/mushfiqurrahmanchowdhury/Documents/EventBus/EventBus/src/org/greenrobot/eventbus/EventBus.java	null	null	null	null	null	null
DEREFERENCE_NULLABLE	dereferenced expression AndroidComponents.get() is @Nullable	org.greenrobot.eventbus.EventBusBuilder	getMainThreadSupport()	6379	/Users/mushfiqurrahmanchowdhury/Documents/EventBus/EventBus/src/org/greenrobot/eventbus/EventBusBuilder.java	null	null	null	null	null	null
PASS_NULLABLE	passing @Nullable parameter 'findState.clazz' where @NonNull is required	org.greenrobot.eventbus.SubscriberMethodFinder	getSubscriberInfo(org.greenrobot.eventbus.SubscriberMethodFinder.FindState)	5630	/Users/mushfiqurrahmanchowdhury/Documents/EventBus/EventBus/src/org/greenrobot/eventbus/SubscriberMethodFinder.java	PARAMETER	org.greenrobot.eventbus.meta.SubscriberInfoIndex	getSubscriberInfo(java.lang.Class)	subscriberClass	0	/Users/mushfiqurrahmanchowdhury/Documents/EventBus/EventBus/src/org/greenrobot/eventbus/meta/SubscriberInfoIndex.java
DEREFERENCE_NULLABLE	dereferenced expression findState.clazz is @Nullable	org.greenrobot.eventbus.SubscriberMethodFinder	findUsingReflectionInSingleClass(org.greenrobot.eventbus.SubscriberMethodFinder.FindState)	6446	/Users/mushfiqurrahmanchowdhury/Documents/EventBus/EventBus/src/org/greenrobot/eventbus/SubscriberMethodFinder.java	null	null	null	null	null	null
DEREFERENCE_NULLABLE	dereferenced expression findState.clazz is @Nullable	org.greenrobot.eventbus.SubscriberMethodFinder	findUsingReflectionInSingleClass(org.greenrobot.eventbus.SubscriberMethodFinder.FindState)	6677	/Users/mushfiqurrahmanchowdhury/Documents/EventBus/EventBus/src/org/greenrobot/eventbus/SubscriberMethodFinder.java	null	null	null	null	null	null
DEREFERENCE_NULLABLE	dereferenced expression findState.clazz is @Nullable	org.greenrobot.eventbus.SubscriberMethodFinder	findUsingReflectionInSingleClass(org.greenrobot.eventbus.SubscriberMethodFinder.FindState)	6878	/Users/mushfiqurrahmanchowdhury/Documents/EventBus/EventBus/src/org/greenrobot/eventbus/SubscriberMethodFinder.java	null	null	null	null	null	null
DEREFERENCE_NULLABLE	dereferenced expression clazz is @Nullable	org.greenrobot.eventbus.SubscriberMethodFinder$FindState	moveToSuperclass()	12255	/Users/mushfiqurrahmanchowdhury/Documents/EventBus/EventBus/src/org/greenrobot/eventbus/SubscriberMethodFinder.java	null	null	null	null	null	null
DEREFERENCE_NULLABLE	dereferenced expression th is @Nullable	org.greenrobot.eventbus.Logger$SystemOutLogger	log(java.util.logging.Level,java.lang.String,java.lang.Throwable)	1927	/Users/mushfiqurrahmanchowdhury/Documents/EventBus/EventBus/src/org/greenrobot/eventbus/Logger.java	null	null	null	null	null	null
DEREFERENCE_NULLABLE	dereferenced expression AndroidComponents.get() is @Nullable	org.greenrobot.eventbus.Logger$Default	get()	2109	/Users/mushfiqurrahmanchowdhury/Documents/EventBus/EventBus/src/org/greenrobot/eventbus/Logger.java	null	null	null	null	null	null
