id	class	method	parent	flags	annotations	visibility	non-primitive-return	path
1	org.greenrobot.eventbus.Poster	enqueue(org.greenrobot.eventbus.Subscription,java.lang.Object)	0	[false, false]		public	false	/Users/mushfiqurrahmanchowdhury/Documents/EventBus/EventBus/src/org/greenrobot/eventbus/Poster.java
2	org.greenrobot.eventbus.Subscription	Subscription(java.lang.Object,org.greenrobot.eventbus.SubscriberMethod)	0	[false, false]		package	false	/Users/mushfiqurrahmanchowdhury/Documents/EventBus/EventBus/src/org/greenrobot/eventbus/Subscription.java
3	org.greenrobot.eventbus.Subscription	equals(java.lang.Object)	4	[false]	java.lang.Override	public	false	/Users/mushfiqurrahmanchowdhury/Documents/EventBus/EventBus/src/org/greenrobot/eventbus/Subscription.java
5	org.greenrobot.eventbus.Subscription	hashCode()	6	[]	java.lang.Override	public	false	/Users/mushfiqurrahmanchowdhury/Documents/EventBus/EventBus/src/org/greenrobot/eventbus/Subscription.java
7	org.greenrobot.eventbus.SubscriberMethod	SubscriberMethod(java.lang.reflect.Method,java.lang.Class,org.greenrobot.eventbus.ThreadMode,int,boolean)	0	[false, false, false, false, false]		public	false	/Users/mushfiqurrahmanchowdhury/Documents/EventBus/EventBus/src/org/greenrobot/eventbus/SubscriberMethod.java
8	org.greenrobot.eventbus.SubscriberMethod	equals(java.lang.Object)	4	[false]	java.lang.Override	public	false	/Users/mushfiqurrahmanchowdhury/Documents/EventBus/EventBus/src/org/greenrobot/eventbus/SubscriberMethod.java
9	org.greenrobot.eventbus.SubscriberMethod	checkMethodString()	0	[]		private	false	/Users/mushfiqurrahmanchowdhury/Documents/EventBus/EventBus/src/org/greenrobot/eventbus/SubscriberMethod.java
10	org.greenrobot.eventbus.SubscriberMethod	hashCode()	6	[]	java.lang.Override	public	false	/Users/mushfiqurrahmanchowdhury/Documents/EventBus/EventBus/src/org/greenrobot/eventbus/SubscriberMethod.java
11	org.greenrobot.eventbus.EventBus$1	initialValue()	12	[]	java.lang.Override	protected	true	/Users/mushfiqurrahmanchowdhury/Documents/EventBus/EventBus/src/org/greenrobot/eventbus/EventBus.java
13	org.greenrobot.eventbus.EventBus	getDefault()	0	[]		public	true	/Users/mushfiqurrahmanchowdhury/Documents/EventBus/EventBus/src/org/greenrobot/eventbus/EventBus.java
14	org.greenrobot.eventbus.EventBus	builder()	0	[]		public	true	/Users/mushfiqurrahmanchowdhury/Documents/EventBus/EventBus/src/org/greenrobot/eventbus/EventBus.java
15	org.greenrobot.eventbus.EventBus	clearCaches()	0	[]		public	false	/Users/mushfiqurrahmanchowdhury/Documents/EventBus/EventBus/src/org/greenrobot/eventbus/EventBus.java
16	org.greenrobot.eventbus.EventBus	EventBus()	0	[]		public	false	/Users/mushfiqurrahmanchowdhury/Documents/EventBus/EventBus/src/org/greenrobot/eventbus/EventBus.java
17	org.greenrobot.eventbus.EventBus	EventBus(org.greenrobot.eventbus.EventBusBuilder)	0	[false]		package	false	/Users/mushfiqurrahmanchowdhury/Documents/EventBus/EventBus/src/org/greenrobot/eventbus/EventBus.java
18	org.greenrobot.eventbus.EventBus	register(java.lang.Object)	0	[false]		public	false	/Users/mushfiqurrahmanchowdhury/Documents/EventBus/EventBus/src/org/greenrobot/eventbus/EventBus.java
19	org.greenrobot.eventbus.EventBus	subscribe(java.lang.Object,org.greenrobot.eventbus.SubscriberMethod)	0	[false, false]		private	false	/Users/mushfiqurrahmanchowdhury/Documents/EventBus/EventBus/src/org/greenrobot/eventbus/EventBus.java
20	org.greenrobot.eventbus.EventBus	checkPostStickyEventToSubscription(org.greenrobot.eventbus.Subscription,java.lang.Object)	0	[false, false]		private	false	/Users/mushfiqurrahmanchowdhury/Documents/EventBus/EventBus/src/org/greenrobot/eventbus/EventBus.java
21	org.greenrobot.eventbus.EventBus	isMainThread()	0	[]		private	false	/Users/mushfiqurrahmanchowdhury/Documents/EventBus/EventBus/src/org/greenrobot/eventbus/EventBus.java
22	org.greenrobot.eventbus.EventBus	isRegistered(java.lang.Object)	0	[false]		public	false	/Users/mushfiqurrahmanchowdhury/Documents/EventBus/EventBus/src/org/greenrobot/eventbus/EventBus.java
23	org.greenrobot.eventbus.EventBus	unsubscribeByEventType(java.lang.Object,java.lang.Class)	0	[false, false]		private	false	/Users/mushfiqurrahmanchowdhury/Documents/EventBus/EventBus/src/org/greenrobot/eventbus/EventBus.java
24	org.greenrobot.eventbus.EventBus	unregister(java.lang.Object)	0	[false]		public	false	/Users/mushfiqurrahmanchowdhury/Documents/EventBus/EventBus/src/org/greenrobot/eventbus/EventBus.java
25	org.greenrobot.eventbus.EventBus	post(java.lang.Object)	0	[false]		public	false	/Users/mushfiqurrahmanchowdhury/Documents/EventBus/EventBus/src/org/greenrobot/eventbus/EventBus.java
26	org.greenrobot.eventbus.EventBus	cancelEventDelivery(java.lang.Object)	0	[false]		public	false	/Users/mushfiqurrahmanchowdhury/Documents/EventBus/EventBus/src/org/greenrobot/eventbus/EventBus.java
27	org.greenrobot.eventbus.EventBus	postSticky(java.lang.Object)	0	[false]		public	false	/Users/mushfiqurrahmanchowdhury/Documents/EventBus/EventBus/src/org/greenrobot/eventbus/EventBus.java
28	org.greenrobot.eventbus.EventBus	getStickyEvent(java.lang.Class)	0	[false]		public	true	/Users/mushfiqurrahmanchowdhury/Documents/EventBus/EventBus/src/org/greenrobot/eventbus/EventBus.java
29	org.greenrobot.eventbus.EventBus	removeStickyEvent(java.lang.Class)	0	[false]		public	true	/Users/mushfiqurrahmanchowdhury/Documents/EventBus/EventBus/src/org/greenrobot/eventbus/EventBus.java
30	org.greenrobot.eventbus.EventBus	removeStickyEvent(java.lang.Object)	0	[false]		public	false	/Users/mushfiqurrahmanchowdhury/Documents/EventBus/EventBus/src/org/greenrobot/eventbus/EventBus.java
31	org.greenrobot.eventbus.EventBus	removeAllStickyEvents()	0	[]		public	false	/Users/mushfiqurrahmanchowdhury/Documents/EventBus/EventBus/src/org/greenrobot/eventbus/EventBus.java
32	org.greenrobot.eventbus.EventBus	hasSubscriberForEvent(java.lang.Class)	0	[false]		public	false	/Users/mushfiqurrahmanchowdhury/Documents/EventBus/EventBus/src/org/greenrobot/eventbus/EventBus.java
33	org.greenrobot.eventbus.EventBus	postSingleEvent(java.lang.Object,org.greenrobot.eventbus.EventBus.PostingThreadState)	0	[false, false]		private	false	/Users/mushfiqurrahmanchowdhury/Documents/EventBus/EventBus/src/org/greenrobot/eventbus/EventBus.java
34	org.greenrobot.eventbus.EventBus	postSingleEventForEventType(java.lang.Object,org.greenrobot.eventbus.EventBus.PostingThreadState,java.lang.Class)	0	[false, false, false]		private	false	/Users/mushfiqurrahmanchowdhury/Documents/EventBus/EventBus/src/org/greenrobot/eventbus/EventBus.java
35	org.greenrobot.eventbus.EventBus	postToSubscription(org.greenrobot.eventbus.Subscription,java.lang.Object,boolean)	0	[false, false, false]		private	false	/Users/mushfiqurrahmanchowdhury/Documents/EventBus/EventBus/src/org/greenrobot/eventbus/EventBus.java
36	org.greenrobot.eventbus.EventBus	lookupAllEventTypes(java.lang.Class)	0	[false]		private	true	/Users/mushfiqurrahmanchowdhury/Documents/EventBus/EventBus/src/org/greenrobot/eventbus/EventBus.java
37	org.greenrobot.eventbus.EventBus	addInterfaces(java.util.List,java.lang.Class[])	0	[false, false]		package	false	/Users/mushfiqurrahmanchowdhury/Documents/EventBus/EventBus/src/org/greenrobot/eventbus/EventBus.java
38	org.greenrobot.eventbus.EventBus	invokeSubscriber(org.greenrobot.eventbus.PendingPost)	0	[false]		package	false	/Users/mushfiqurrahmanchowdhury/Documents/EventBus/EventBus/src/org/greenrobot/eventbus/EventBus.java
39	org.greenrobot.eventbus.EventBus	invokeSubscriber(org.greenrobot.eventbus.Subscription,java.lang.Object)	0	[false, false]		package	false	/Users/mushfiqurrahmanchowdhury/Documents/EventBus/EventBus/src/org/greenrobot/eventbus/EventBus.java
40	org.greenrobot.eventbus.EventBus	handleSubscriberException(org.greenrobot.eventbus.Subscription,java.lang.Object,java.lang.Throwable)	0	[false, false, false]		private	false	/Users/mushfiqurrahmanchowdhury/Documents/EventBus/EventBus/src/org/greenrobot/eventbus/EventBus.java
41	org.greenrobot.eventbus.EventBus	getExecutorService()	0	[]		package	true	/Users/mushfiqurrahmanchowdhury/Documents/EventBus/EventBus/src/org/greenrobot/eventbus/EventBus.java
42	org.greenrobot.eventbus.EventBus	getLogger()	0	[]		public	true	/Users/mushfiqurrahmanchowdhury/Documents/EventBus/EventBus/src/org/greenrobot/eventbus/EventBus.java
43	org.greenrobot.eventbus.EventBus$PostCallback	onPostCompleted(java.util.List)	0	[false]		public	false	/Users/mushfiqurrahmanchowdhury/Documents/EventBus/EventBus/src/org/greenrobot/eventbus/EventBus.java
44	org.greenrobot.eventbus.EventBus	toString()	45	[]	java.lang.Override	public	true	/Users/mushfiqurrahmanchowdhury/Documents/EventBus/EventBus/src/org/greenrobot/eventbus/EventBus.java
46	org.greenrobot.eventbus.EventBusBuilder	EventBusBuilder()	0	[]		package	false	/Users/mushfiqurrahmanchowdhury/Documents/EventBus/EventBus/src/org/greenrobot/eventbus/EventBusBuilder.java
47	org.greenrobot.eventbus.EventBusBuilder	logSubscriberExceptions(boolean)	0	[false]		public	true	/Users/mushfiqurrahmanchowdhury/Documents/EventBus/EventBus/src/org/greenrobot/eventbus/EventBusBuilder.java
48	org.greenrobot.eventbus.EventBusBuilder	logNoSubscriberMessages(boolean)	0	[false]		public	true	/Users/mushfiqurrahmanchowdhury/Documents/EventBus/EventBus/src/org/greenrobot/eventbus/EventBusBuilder.java
49	org.greenrobot.eventbus.EventBusBuilder	sendSubscriberExceptionEvent(boolean)	0	[false]		public	true	/Users/mushfiqurrahmanchowdhury/Documents/EventBus/EventBus/src/org/greenrobot/eventbus/EventBusBuilder.java
50	org.greenrobot.eventbus.EventBusBuilder	sendNoSubscriberEvent(boolean)	0	[false]		public	true	/Users/mushfiqurrahmanchowdhury/Documents/EventBus/EventBus/src/org/greenrobot/eventbus/EventBusBuilder.java
51	org.greenrobot.eventbus.EventBusBuilder	throwSubscriberException(boolean)	0	[false]		public	true	/Users/mushfiqurrahmanchowdhury/Documents/EventBus/EventBus/src/org/greenrobot/eventbus/EventBusBuilder.java
52	org.greenrobot.eventbus.EventBusBuilder	eventInheritance(boolean)	0	[false]		public	true	/Users/mushfiqurrahmanchowdhury/Documents/EventBus/EventBus/src/org/greenrobot/eventbus/EventBusBuilder.java
53	org.greenrobot.eventbus.EventBusBuilder	executorService(java.util.concurrent.ExecutorService)	0	[false]		public	true	/Users/mushfiqurrahmanchowdhury/Documents/EventBus/EventBus/src/org/greenrobot/eventbus/EventBusBuilder.java
54	org.greenrobot.eventbus.EventBusBuilder	skipMethodVerificationFor(java.lang.Class)	0	[false]		public	true	/Users/mushfiqurrahmanchowdhury/Documents/EventBus/EventBus/src/org/greenrobot/eventbus/EventBusBuilder.java
55	org.greenrobot.eventbus.EventBusBuilder	ignoreGeneratedIndex(boolean)	0	[false]		public	true	/Users/mushfiqurrahmanchowdhury/Documents/EventBus/EventBus/src/org/greenrobot/eventbus/EventBusBuilder.java
56	org.greenrobot.eventbus.EventBusBuilder	strictMethodVerification(boolean)	0	[false]		public	true	/Users/mushfiqurrahmanchowdhury/Documents/EventBus/EventBus/src/org/greenrobot/eventbus/EventBusBuilder.java
57	org.greenrobot.eventbus.EventBusBuilder	addIndex(org.greenrobot.eventbus.meta.SubscriberInfoIndex)	0	[false]		public	true	/Users/mushfiqurrahmanchowdhury/Documents/EventBus/EventBus/src/org/greenrobot/eventbus/EventBusBuilder.java
58	org.greenrobot.eventbus.EventBusBuilder	logger(org.greenrobot.eventbus.Logger)	0	[false]		public	true	/Users/mushfiqurrahmanchowdhury/Documents/EventBus/EventBus/src/org/greenrobot/eventbus/EventBusBuilder.java
59	org.greenrobot.eventbus.EventBusBuilder	getLogger()	0	[]		package	true	/Users/mushfiqurrahmanchowdhury/Documents/EventBus/EventBus/src/org/greenrobot/eventbus/EventBusBuilder.java
60	org.greenrobot.eventbus.EventBusBuilder	getMainThreadSupport()	0	[]		package	true	/Users/mushfiqurrahmanchowdhury/Documents/EventBus/EventBus/src/org/greenrobot/eventbus/EventBusBuilder.java
61	org.greenrobot.eventbus.EventBusBuilder	installDefaultEventBus()	0	[]		public	true	/Users/mushfiqurrahmanchowdhury/Documents/EventBus/EventBus/src/org/greenrobot/eventbus/EventBusBuilder.java
62	org.greenrobot.eventbus.EventBusBuilder	build()	0	[]		public	true	/Users/mushfiqurrahmanchowdhury/Documents/EventBus/EventBus/src/org/greenrobot/eventbus/EventBusBuilder.java
63	org.greenrobot.eventbus.MainThreadSupport	isMainThread()	0	[]		public	false	/Users/mushfiqurrahmanchowdhury/Documents/EventBus/EventBus/src/org/greenrobot/eventbus/MainThreadSupport.java
64	org.greenrobot.eventbus.MainThreadSupport	createPoster(org.greenrobot.eventbus.EventBus)	0	[false]		public	true	/Users/mushfiqurrahmanchowdhury/Documents/EventBus/EventBus/src/org/greenrobot/eventbus/MainThreadSupport.java
65	org.greenrobot.eventbus.BackgroundPoster	BackgroundPoster(org.greenrobot.eventbus.EventBus)	0	[false]		package	false	/Users/mushfiqurrahmanchowdhury/Documents/EventBus/EventBus/src/org/greenrobot/eventbus/BackgroundPoster.java
66	org.greenrobot.eventbus.BackgroundPoster	enqueue(org.greenrobot.eventbus.Subscription,java.lang.Object)	1	[false, false]		public	false	/Users/mushfiqurrahmanchowdhury/Documents/EventBus/EventBus/src/org/greenrobot/eventbus/BackgroundPoster.java
67	org.greenrobot.eventbus.BackgroundPoster	run()	68	[]	java.lang.Override	public	false	/Users/mushfiqurrahmanchowdhury/Documents/EventBus/EventBus/src/org/greenrobot/eventbus/BackgroundPoster.java
69	org.greenrobot.eventbus.AsyncPoster	AsyncPoster(org.greenrobot.eventbus.EventBus)	0	[false]		package	false	/Users/mushfiqurrahmanchowdhury/Documents/EventBus/EventBus/src/org/greenrobot/eventbus/AsyncPoster.java
70	org.greenrobot.eventbus.AsyncPoster	enqueue(org.greenrobot.eventbus.Subscription,java.lang.Object)	1	[false, false]		public	false	/Users/mushfiqurrahmanchowdhury/Documents/EventBus/EventBus/src/org/greenrobot/eventbus/AsyncPoster.java
71	org.greenrobot.eventbus.AsyncPoster	run()	68	[]	java.lang.Override	public	false	/Users/mushfiqurrahmanchowdhury/Documents/EventBus/EventBus/src/org/greenrobot/eventbus/AsyncPoster.java
72	org.greenrobot.eventbus.SubscriberMethodFinder	SubscriberMethodFinder(java.util.List,boolean,boolean)	0	[false, false, false]		package	false	/Users/mushfiqurrahmanchowdhury/Documents/EventBus/EventBus/src/org/greenrobot/eventbus/SubscriberMethodFinder.java
73	org.greenrobot.eventbus.SubscriberMethodFinder	findSubscriberMethods(java.lang.Class)	0	[false]		package	true	/Users/mushfiqurrahmanchowdhury/Documents/EventBus/EventBus/src/org/greenrobot/eventbus/SubscriberMethodFinder.java
74	org.greenrobot.eventbus.SubscriberMethodFinder	findUsingInfo(java.lang.Class)	0	[false]		private	true	/Users/mushfiqurrahmanchowdhury/Documents/EventBus/EventBus/src/org/greenrobot/eventbus/SubscriberMethodFinder.java
75	org.greenrobot.eventbus.SubscriberMethodFinder	getMethodsAndRelease(org.greenrobot.eventbus.SubscriberMethodFinder.FindState)	0	[false]		private	true	/Users/mushfiqurrahmanchowdhury/Documents/EventBus/EventBus/src/org/greenrobot/eventbus/SubscriberMethodFinder.java
76	org.greenrobot.eventbus.SubscriberMethodFinder	prepareFindState()	0	[]		private	true	/Users/mushfiqurrahmanchowdhury/Documents/EventBus/EventBus/src/org/greenrobot/eventbus/SubscriberMethodFinder.java
77	org.greenrobot.eventbus.SubscriberMethodFinder	getSubscriberInfo(org.greenrobot.eventbus.SubscriberMethodFinder.FindState)	0	[false]		private	true	/Users/mushfiqurrahmanchowdhury/Documents/EventBus/EventBus/src/org/greenrobot/eventbus/SubscriberMethodFinder.java
78	org.greenrobot.eventbus.SubscriberMethodFinder	findUsingReflection(java.lang.Class)	0	[false]		private	true	/Users/mushfiqurrahmanchowdhury/Documents/EventBus/EventBus/src/org/greenrobot/eventbus/SubscriberMethodFinder.java
79	org.greenrobot.eventbus.SubscriberMethodFinder	findUsingReflectionInSingleClass(org.greenrobot.eventbus.SubscriberMethodFinder.FindState)	0	[false]		private	false	/Users/mushfiqurrahmanchowdhury/Documents/EventBus/EventBus/src/org/greenrobot/eventbus/SubscriberMethodFinder.java
80	org.greenrobot.eventbus.SubscriberMethodFinder	clearCaches()	0	[]		package	false	/Users/mushfiqurrahmanchowdhury/Documents/EventBus/EventBus/src/org/greenrobot/eventbus/SubscriberMethodFinder.java
81	org.greenrobot.eventbus.SubscriberMethodFinder$FindState	initForSubscriber(java.lang.Class)	0	[false]		package	false	/Users/mushfiqurrahmanchowdhury/Documents/EventBus/EventBus/src/org/greenrobot/eventbus/SubscriberMethodFinder.java
82	org.greenrobot.eventbus.SubscriberMethodFinder$FindState	recycle()	0	[]		package	false	/Users/mushfiqurrahmanchowdhury/Documents/EventBus/EventBus/src/org/greenrobot/eventbus/SubscriberMethodFinder.java
83	org.greenrobot.eventbus.SubscriberMethodFinder$FindState	checkAdd(java.lang.reflect.Method,java.lang.Class)	0	[false, false]		package	false	/Users/mushfiqurrahmanchowdhury/Documents/EventBus/EventBus/src/org/greenrobot/eventbus/SubscriberMethodFinder.java
84	org.greenrobot.eventbus.SubscriberMethodFinder$FindState	checkAddWithMethodSignature(java.lang.reflect.Method,java.lang.Class)	0	[false, false]		private	false	/Users/mushfiqurrahmanchowdhury/Documents/EventBus/EventBus/src/org/greenrobot/eventbus/SubscriberMethodFinder.java
85	org.greenrobot.eventbus.SubscriberMethodFinder$FindState	moveToSuperclass()	0	[]		package	false	/Users/mushfiqurrahmanchowdhury/Documents/EventBus/EventBus/src/org/greenrobot/eventbus/SubscriberMethodFinder.java
86	org.greenrobot.eventbus.Logger	log(java.util.logging.Level,java.lang.String)	0	[false, false]		public	false	/Users/mushfiqurrahmanchowdhury/Documents/EventBus/EventBus/src/org/greenrobot/eventbus/Logger.java
87	org.greenrobot.eventbus.Logger	log(java.util.logging.Level,java.lang.String,java.lang.Throwable)	0	[false, false, false]		public	false	/Users/mushfiqurrahmanchowdhury/Documents/EventBus/EventBus/src/org/greenrobot/eventbus/Logger.java
88	org.greenrobot.eventbus.Logger$JavaLogger	JavaLogger(java.lang.String)	0	[false]		public	false	/Users/mushfiqurrahmanchowdhury/Documents/EventBus/EventBus/src/org/greenrobot/eventbus/Logger.java
89	org.greenrobot.eventbus.Logger$JavaLogger	log(java.util.logging.Level,java.lang.String)	86	[false, false]	java.lang.Override	public	false	/Users/mushfiqurrahmanchowdhury/Documents/EventBus/EventBus/src/org/greenrobot/eventbus/Logger.java
90	org.greenrobot.eventbus.Logger$JavaLogger	log(java.util.logging.Level,java.lang.String,java.lang.Throwable)	87	[false, false, false]	java.lang.Override	public	false	/Users/mushfiqurrahmanchowdhury/Documents/EventBus/EventBus/src/org/greenrobot/eventbus/Logger.java
91	org.greenrobot.eventbus.Logger$SystemOutLogger	log(java.util.logging.Level,java.lang.String)	86	[false, false]	java.lang.Override	public	false	/Users/mushfiqurrahmanchowdhury/Documents/EventBus/EventBus/src/org/greenrobot/eventbus/Logger.java
92	org.greenrobot.eventbus.Logger$SystemOutLogger	log(java.util.logging.Level,java.lang.String,java.lang.Throwable)	87	[false, false, false]	java.lang.Override	public	false	/Users/mushfiqurrahmanchowdhury/Documents/EventBus/EventBus/src/org/greenrobot/eventbus/Logger.java
93	org.greenrobot.eventbus.Logger$Default	get()	0	[]		public	true	/Users/mushfiqurrahmanchowdhury/Documents/EventBus/EventBus/src/org/greenrobot/eventbus/Logger.java
94	org.greenrobot.eventbus.PendingPost	PendingPost(java.lang.Object,org.greenrobot.eventbus.Subscription)	0	[false, false]		private	false	/Users/mushfiqurrahmanchowdhury/Documents/EventBus/EventBus/src/org/greenrobot/eventbus/PendingPost.java
95	org.greenrobot.eventbus.PendingPost	obtainPendingPost(org.greenrobot.eventbus.Subscription,java.lang.Object)	0	[false, false]		package	true	/Users/mushfiqurrahmanchowdhury/Documents/EventBus/EventBus/src/org/greenrobot/eventbus/PendingPost.java
96	org.greenrobot.eventbus.PendingPost	releasePendingPost(org.greenrobot.eventbus.PendingPost)	0	[false]		package	false	/Users/mushfiqurrahmanchowdhury/Documents/EventBus/EventBus/src/org/greenrobot/eventbus/PendingPost.java
97	org.greenrobot.eventbus.meta.SubscriberInfoIndex	getSubscriberInfo(java.lang.Class)	0	[false]		public	true	/Users/mushfiqurrahmanchowdhury/Documents/EventBus/EventBus/src/org/greenrobot/eventbus/meta/SubscriberInfoIndex.java
98	org.greenrobot.eventbus.meta.SubscriberInfo	getSubscriberClass()	0	[]		public	true	/Users/mushfiqurrahmanchowdhury/Documents/EventBus/EventBus/src/org/greenrobot/eventbus/meta/SubscriberInfo.java
99	org.greenrobot.eventbus.meta.SubscriberInfo	getSubscriberMethods()	0	[]		public	true	/Users/mushfiqurrahmanchowdhury/Documents/EventBus/EventBus/src/org/greenrobot/eventbus/meta/SubscriberInfo.java
100	org.greenrobot.eventbus.meta.SubscriberInfo	getSuperSubscriberInfo()	0	[]		public	true	/Users/mushfiqurrahmanchowdhury/Documents/EventBus/EventBus/src/org/greenrobot/eventbus/meta/SubscriberInfo.java
101	org.greenrobot.eventbus.meta.SubscriberInfo	shouldCheckSuperclass()	0	[]		public	false	/Users/mushfiqurrahmanchowdhury/Documents/EventBus/EventBus/src/org/greenrobot/eventbus/meta/SubscriberInfo.java
102	org.greenrobot.eventbus.PendingPostQueue	enqueue(org.greenrobot.eventbus.PendingPost)	0	[false]		package	false	/Users/mushfiqurrahmanchowdhury/Documents/EventBus/EventBus/src/org/greenrobot/eventbus/PendingPostQueue.java
103	org.greenrobot.eventbus.PendingPostQueue	poll()	0	[]		package	true	/Users/mushfiqurrahmanchowdhury/Documents/EventBus/EventBus/src/org/greenrobot/eventbus/PendingPostQueue.java
104	org.greenrobot.eventbus.PendingPostQueue	poll(int)	0	[false]		package	true	/Users/mushfiqurrahmanchowdhury/Documents/EventBus/EventBus/src/org/greenrobot/eventbus/PendingPostQueue.java
105	org.greenrobot.eventbus.SubscriberExceptionEvent	SubscriberExceptionEvent(org.greenrobot.eventbus.EventBus,java.lang.Throwable,java.lang.Object,java.lang.Object)	0	[false, false, false, false]		public	false	/Users/mushfiqurrahmanchowdhury/Documents/EventBus/EventBus/src/org/greenrobot/eventbus/SubscriberExceptionEvent.java
106	org.greenrobot.eventbus.util.ThrowableFailureEvent	ThrowableFailureEvent(java.lang.Throwable)	0	[false]		public	false	/Users/mushfiqurrahmanchowdhury/Documents/EventBus/EventBus/src/org/greenrobot/eventbus/util/ThrowableFailureEvent.java
107	org.greenrobot.eventbus.util.ThrowableFailureEvent	ThrowableFailureEvent(java.lang.Throwable,boolean)	0	[false, false]		public	false	/Users/mushfiqurrahmanchowdhury/Documents/EventBus/EventBus/src/org/greenrobot/eventbus/util/ThrowableFailureEvent.java
108	org.greenrobot.eventbus.util.ThrowableFailureEvent	getThrowable()	0	[]		public	true	/Users/mushfiqurrahmanchowdhury/Documents/EventBus/EventBus/src/org/greenrobot/eventbus/util/ThrowableFailureEvent.java
109	org.greenrobot.eventbus.util.ThrowableFailureEvent	isSuppressErrorUi()	0	[]		public	false	/Users/mushfiqurrahmanchowdhury/Documents/EventBus/EventBus/src/org/greenrobot/eventbus/util/ThrowableFailureEvent.java
110	org.greenrobot.eventbus.util.ThrowableFailureEvent	getExecutionScope()	111	[]		public	true	/Users/mushfiqurrahmanchowdhury/Documents/EventBus/EventBus/src/org/greenrobot/eventbus/util/ThrowableFailureEvent.java
112	org.greenrobot.eventbus.util.ThrowableFailureEvent	setExecutionScope(java.lang.Object)	113	[false]		public	false	/Users/mushfiqurrahmanchowdhury/Documents/EventBus/EventBus/src/org/greenrobot/eventbus/util/ThrowableFailureEvent.java
111	org.greenrobot.eventbus.util.HasExecutionScope	getExecutionScope()	0	[]		public	true	/Users/mushfiqurrahmanchowdhury/Documents/EventBus/EventBus/src/org/greenrobot/eventbus/util/HasExecutionScope.java
113	org.greenrobot.eventbus.util.HasExecutionScope	setExecutionScope(java.lang.Object)	0	[false]		public	false	/Users/mushfiqurrahmanchowdhury/Documents/EventBus/EventBus/src/org/greenrobot/eventbus/util/HasExecutionScope.java
114	org.greenrobot.eventbus.util.AsyncExecutor$Builder	Builder()	0	[]		private	false	/Users/mushfiqurrahmanchowdhury/Documents/EventBus/EventBus/src/org/greenrobot/eventbus/util/AsyncExecutor.java
115	org.greenrobot.eventbus.util.AsyncExecutor$Builder	threadPool(java.util.concurrent.Executor)	0	[false]		public	true	/Users/mushfiqurrahmanchowdhury/Documents/EventBus/EventBus/src/org/greenrobot/eventbus/util/AsyncExecutor.java
116	org.greenrobot.eventbus.util.AsyncExecutor$Builder	failureEventType(java.lang.Class)	0	[false]		public	true	/Users/mushfiqurrahmanchowdhury/Documents/EventBus/EventBus/src/org/greenrobot/eventbus/util/AsyncExecutor.java
117	org.greenrobot.eventbus.util.AsyncExecutor$Builder	eventBus(org.greenrobot.eventbus.EventBus)	0	[false]		public	true	/Users/mushfiqurrahmanchowdhury/Documents/EventBus/EventBus/src/org/greenrobot/eventbus/util/AsyncExecutor.java
118	org.greenrobot.eventbus.util.AsyncExecutor$Builder	build()	0	[]		public	true	/Users/mushfiqurrahmanchowdhury/Documents/EventBus/EventBus/src/org/greenrobot/eventbus/util/AsyncExecutor.java
119	org.greenrobot.eventbus.util.AsyncExecutor$Builder	buildForScope(java.lang.Object)	0	[false]		public	true	/Users/mushfiqurrahmanchowdhury/Documents/EventBus/EventBus/src/org/greenrobot/eventbus/util/AsyncExecutor.java
120	org.greenrobot.eventbus.util.AsyncExecutor$RunnableEx	run()	0	[]		public	false	/Users/mushfiqurrahmanchowdhury/Documents/EventBus/EventBus/src/org/greenrobot/eventbus/util/AsyncExecutor.java
121	org.greenrobot.eventbus.util.AsyncExecutor	builder()	0	[]		public	true	/Users/mushfiqurrahmanchowdhury/Documents/EventBus/EventBus/src/org/greenrobot/eventbus/util/AsyncExecutor.java
122	org.greenrobot.eventbus.util.AsyncExecutor	create()	0	[]		public	true	/Users/mushfiqurrahmanchowdhury/Documents/EventBus/EventBus/src/org/greenrobot/eventbus/util/AsyncExecutor.java
123	org.greenrobot.eventbus.util.AsyncExecutor	AsyncExecutor(java.util.concurrent.Executor,org.greenrobot.eventbus.EventBus,java.lang.Class,java.lang.Object)	0	[false, false, false, false]		private	false	/Users/mushfiqurrahmanchowdhury/Documents/EventBus/EventBus/src/org/greenrobot/eventbus/util/AsyncExecutor.java
124	org.greenrobot.eventbus.util.AsyncExecutor	execute(org.greenrobot.eventbus.util.AsyncExecutor.RunnableEx)	0	[false]		public	false	/Users/mushfiqurrahmanchowdhury/Documents/EventBus/EventBus/src/org/greenrobot/eventbus/util/AsyncExecutor.java
125	org.greenrobot.eventbus.util.ExceptionToResourceMapping	ExceptionToResourceMapping()	0	[]		public	false	/Users/mushfiqurrahmanchowdhury/Documents/EventBus/EventBus/src/org/greenrobot/eventbus/util/ExceptionToResourceMapping.java
126	org.greenrobot.eventbus.util.ExceptionToResourceMapping	mapThrowable(java.lang.Throwable)	0	[false]		public	true	/Users/mushfiqurrahmanchowdhury/Documents/EventBus/EventBus/src/org/greenrobot/eventbus/util/ExceptionToResourceMapping.java
127	org.greenrobot.eventbus.util.ExceptionToResourceMapping	mapThrowableFlat(java.lang.Throwable)	0	[false]		protected	true	/Users/mushfiqurrahmanchowdhury/Documents/EventBus/EventBus/src/org/greenrobot/eventbus/util/ExceptionToResourceMapping.java
128	org.greenrobot.eventbus.util.ExceptionToResourceMapping	addMapping(java.lang.Class,int)	0	[false, false]		public	true	/Users/mushfiqurrahmanchowdhury/Documents/EventBus/EventBus/src/org/greenrobot/eventbus/util/ExceptionToResourceMapping.java
129	org.greenrobot.eventbus.Subscribe	threadMode()	0	[]		public	true	/Users/mushfiqurrahmanchowdhury/Documents/EventBus/EventBus/src/org/greenrobot/eventbus/Subscribe.java
130	org.greenrobot.eventbus.Subscribe	sticky()	0	[]		public	false	/Users/mushfiqurrahmanchowdhury/Documents/EventBus/EventBus/src/org/greenrobot/eventbus/Subscribe.java
131	org.greenrobot.eventbus.Subscribe	priority()	0	[]		public	false	/Users/mushfiqurrahmanchowdhury/Documents/EventBus/EventBus/src/org/greenrobot/eventbus/Subscribe.java
132	org.greenrobot.eventbus.meta.SimpleSubscriberInfo	SimpleSubscriberInfo(java.lang.Class,boolean,org.greenrobot.eventbus.meta.SubscriberMethodInfo[])	0	[false, false, false]		public	false	/Users/mushfiqurrahmanchowdhury/Documents/EventBus/EventBus/src/org/greenrobot/eventbus/meta/SimpleSubscriberInfo.java
133	org.greenrobot.eventbus.meta.SimpleSubscriberInfo	getSubscriberMethods()	99	[]	java.lang.Override	public	true	/Users/mushfiqurrahmanchowdhury/Documents/EventBus/EventBus/src/org/greenrobot/eventbus/meta/SimpleSubscriberInfo.java
134	org.greenrobot.eventbus.meta.AbstractSubscriberInfo	AbstractSubscriberInfo(java.lang.Class,java.lang.Class,boolean)	0	[false, false, false]		protected	false	/Users/mushfiqurrahmanchowdhury/Documents/EventBus/EventBus/src/org/greenrobot/eventbus/meta/AbstractSubscriberInfo.java
135	org.greenrobot.eventbus.meta.AbstractSubscriberInfo	getSubscriberClass()	98	[]	java.lang.Override	public	true	/Users/mushfiqurrahmanchowdhury/Documents/EventBus/EventBus/src/org/greenrobot/eventbus/meta/AbstractSubscriberInfo.java
136	org.greenrobot.eventbus.meta.AbstractSubscriberInfo	getSuperSubscriberInfo()	100	[]	java.lang.Override	public	true	/Users/mushfiqurrahmanchowdhury/Documents/EventBus/EventBus/src/org/greenrobot/eventbus/meta/AbstractSubscriberInfo.java
137	org.greenrobot.eventbus.meta.AbstractSubscriberInfo	shouldCheckSuperclass()	101	[]	java.lang.Override	public	false	/Users/mushfiqurrahmanchowdhury/Documents/EventBus/EventBus/src/org/greenrobot/eventbus/meta/AbstractSubscriberInfo.java
138	org.greenrobot.eventbus.meta.AbstractSubscriberInfo	createSubscriberMethod(java.lang.String,java.lang.Class)	0	[false, false]		protected	true	/Users/mushfiqurrahmanchowdhury/Documents/EventBus/EventBus/src/org/greenrobot/eventbus/meta/AbstractSubscriberInfo.java
139	org.greenrobot.eventbus.meta.AbstractSubscriberInfo	createSubscriberMethod(java.lang.String,java.lang.Class,org.greenrobot.eventbus.ThreadMode)	0	[false, false, false]		protected	true	/Users/mushfiqurrahmanchowdhury/Documents/EventBus/EventBus/src/org/greenrobot/eventbus/meta/AbstractSubscriberInfo.java
140	org.greenrobot.eventbus.meta.AbstractSubscriberInfo	createSubscriberMethod(java.lang.String,java.lang.Class,org.greenrobot.eventbus.ThreadMode,int,boolean)	0	[false, false, false, false, false]		protected	true	/Users/mushfiqurrahmanchowdhury/Documents/EventBus/EventBus/src/org/greenrobot/eventbus/meta/AbstractSubscriberInfo.java
141	org.greenrobot.eventbus.meta.SubscriberMethodInfo	SubscriberMethodInfo(java.lang.String,java.lang.Class,org.greenrobot.eventbus.ThreadMode,int,boolean)	0	[false, false, false, false, false]		public	false	/Users/mushfiqurrahmanchowdhury/Documents/EventBus/EventBus/src/org/greenrobot/eventbus/meta/SubscriberMethodInfo.java
142	org.greenrobot.eventbus.meta.SubscriberMethodInfo	SubscriberMethodInfo(java.lang.String,java.lang.Class)	0	[false, false]		public	false	/Users/mushfiqurrahmanchowdhury/Documents/EventBus/EventBus/src/org/greenrobot/eventbus/meta/SubscriberMethodInfo.java
143	org.greenrobot.eventbus.meta.SubscriberMethodInfo	SubscriberMethodInfo(java.lang.String,java.lang.Class,org.greenrobot.eventbus.ThreadMode)	0	[false, false, false]		public	false	/Users/mushfiqurrahmanchowdhury/Documents/EventBus/EventBus/src/org/greenrobot/eventbus/meta/SubscriberMethodInfo.java
144	org.greenrobot.eventbus.android.AndroidComponents	areAvailable()	0	[]		public	false	/Users/mushfiqurrahmanchowdhury/Documents/EventBus/EventBus/src/org/greenrobot/eventbus/android/AndroidComponents.java
145	org.greenrobot.eventbus.android.AndroidComponents	get()	0	[]		public	true	/Users/mushfiqurrahmanchowdhury/Documents/EventBus/EventBus/src/org/greenrobot/eventbus/android/AndroidComponents.java
146	org.greenrobot.eventbus.android.AndroidComponents	AndroidComponents(org.greenrobot.eventbus.Logger,org.greenrobot.eventbus.MainThreadSupport)	0	[false, false]		public	false	/Users/mushfiqurrahmanchowdhury/Documents/EventBus/EventBus/src/org/greenrobot/eventbus/android/AndroidComponents.java
147	org.greenrobot.eventbus.android.AndroidDependenciesDetector	isAndroidSDKAvailable()	0	[]		public	false	/Users/mushfiqurrahmanchowdhury/Documents/EventBus/EventBus/src/org/greenrobot/eventbus/android/AndroidDependenciesDetector.java
148	org.greenrobot.eventbus.android.AndroidDependenciesDetector	areAndroidComponentsAvailable()	0	[]		public	false	/Users/mushfiqurrahmanchowdhury/Documents/EventBus/EventBus/src/org/greenrobot/eventbus/android/AndroidDependenciesDetector.java
149	org.greenrobot.eventbus.android.AndroidDependenciesDetector	instantiateAndroidComponents()	0	[]		public	true	/Users/mushfiqurrahmanchowdhury/Documents/EventBus/EventBus/src/org/greenrobot/eventbus/android/AndroidDependenciesDetector.java
150	org.greenrobot.eventbus.EventBusException	EventBusException(java.lang.String)	0	[false]		public	false	/Users/mushfiqurrahmanchowdhury/Documents/EventBus/EventBus/src/org/greenrobot/eventbus/EventBusException.java
151	org.greenrobot.eventbus.EventBusException	EventBusException(java.lang.Throwable)	0	[false]		public	false	/Users/mushfiqurrahmanchowdhury/Documents/EventBus/EventBus/src/org/greenrobot/eventbus/EventBusException.java
152	org.greenrobot.eventbus.EventBusException	EventBusException(java.lang.String,java.lang.Throwable)	0	[false, false]		public	false	/Users/mushfiqurrahmanchowdhury/Documents/EventBus/EventBus/src/org/greenrobot/eventbus/EventBusException.java
153	org.greenrobot.eventbus.NoSubscriberEvent	NoSubscriberEvent(org.greenrobot.eventbus.EventBus,java.lang.Object)	0	[false, false]		public	false	/Users/mushfiqurrahmanchowdhury/Documents/EventBus/EventBus/src/org/greenrobot/eventbus/NoSubscriberEvent.java
