REGION_CLASS	REGION_MEMBER	USED_MEMBER	USED_CLASS	SOURCE_TYPE
org.greenrobot.eventbus.Subscription	Subscription(java.lang.Object,org.greenrobot.eventbus.SubscriberMethod)	Object()	java.lang.Object	SOURCE
org.greenrobot.eventbus.Subscription	equals(java.lang.Object)	equals(java.lang.Object)	org.greenrobot.eventbus.SubscriberMethod	SOURCE
org.greenrobot.eventbus.Subscription	hashCode()	hashCode()	java.lang.Object	SOURCE
org.greenrobot.eventbus.Subscription	hashCode()	hashCode()	java.lang.String	SOURCE
org.greenrobot.eventbus.SubscriberMethod	SubscriberMethod(java.lang.reflect.Method,java.lang.Class,org.greenrobot.eventbus.ThreadMode,int,boolean)	Object()	java.lang.Object	SOURCE
org.greenrobot.eventbus.SubscriberMethod	equals(java.lang.Object)	checkMethodString()	org.greenrobot.eventbus.SubscriberMethod	SOURCE
org.greenrobot.eventbus.SubscriberMethod	equals(java.lang.Object)	checkMethodString()	org.greenrobot.eventbus.SubscriberMethod	SOURCE
org.greenrobot.eventbus.SubscriberMethod	equals(java.lang.Object)	equals(java.lang.Object)	java.lang.String	SOURCE
org.greenrobot.eventbus.SubscriberMethod	checkMethodString()	StringBuilder(int)	java.lang.StringBuilder	SOURCE
org.greenrobot.eventbus.SubscriberMethod	checkMethodString()	append(java.lang.String)	java.lang.StringBuilder	SOURCE
org.greenrobot.eventbus.SubscriberMethod	checkMethodString()	getName()	java.lang.Class	SOURCE
org.greenrobot.eventbus.SubscriberMethod	checkMethodString()	getDeclaringClass()	java.lang.reflect.Method	SOURCE
org.greenrobot.eventbus.SubscriberMethod	checkMethodString()	append(java.lang.String)	java.lang.StringBuilder	SOURCE
org.greenrobot.eventbus.SubscriberMethod	checkMethodString()	append(char)	java.lang.StringBuilder	SOURCE
org.greenrobot.eventbus.SubscriberMethod	checkMethodString()	getName()	java.lang.reflect.Method	SOURCE
org.greenrobot.eventbus.SubscriberMethod	checkMethodString()	append(java.lang.String)	java.lang.StringBuilder	SOURCE
org.greenrobot.eventbus.SubscriberMethod	checkMethodString()	append(char)	java.lang.StringBuilder	SOURCE
org.greenrobot.eventbus.SubscriberMethod	checkMethodString()	getName()	java.lang.Class	SOURCE
org.greenrobot.eventbus.SubscriberMethod	checkMethodString()	toString()	java.lang.StringBuilder	SOURCE
org.greenrobot.eventbus.SubscriberMethod	hashCode()	hashCode()	java.lang.reflect.Method	SOURCE
org.greenrobot.eventbus.ThreadMode	POSTING	ThreadMode()	org.greenrobot.eventbus.ThreadMode	SOURCE
org.greenrobot.eventbus.ThreadMode	MAIN	ThreadMode()	org.greenrobot.eventbus.ThreadMode	SOURCE
org.greenrobot.eventbus.ThreadMode	MAIN_ORDERED	ThreadMode()	org.greenrobot.eventbus.ThreadMode	SOURCE
org.greenrobot.eventbus.ThreadMode	BACKGROUND	ThreadMode()	org.greenrobot.eventbus.ThreadMode	SOURCE
org.greenrobot.eventbus.ThreadMode	ASYNC	ThreadMode()	org.greenrobot.eventbus.ThreadMode	SOURCE
org.greenrobot.eventbus.EventBus	DEFAULT_BUILDER	EventBusBuilder()	org.greenrobot.eventbus.EventBusBuilder	SOURCE
org.greenrobot.eventbus.EventBus	eventTypesCache	HashMap()	java.util.HashMap	SOURCE
org.greenrobot.eventbus.EventBus$1	initialValue()	PostingThreadState()	org.greenrobot.eventbus.EventBus$PostingThreadState	SOURCE
org.greenrobot.eventbus.EventBus	getDefault()	EventBus()	org.greenrobot.eventbus.EventBus	SOURCE
org.greenrobot.eventbus.EventBus	builder()	EventBusBuilder()	org.greenrobot.eventbus.EventBusBuilder	SOURCE
org.greenrobot.eventbus.EventBus	clearCaches()	clearCaches()	org.greenrobot.eventbus.SubscriberMethodFinder	SOURCE
org.greenrobot.eventbus.EventBus	clearCaches()	clear()	java.util.Map	SOURCE
org.greenrobot.eventbus.EventBus	EventBus()	EventBus(org.greenrobot.eventbus.EventBusBuilder)	org.greenrobot.eventbus.EventBus	SOURCE
org.greenrobot.eventbus.EventBus	EventBus(org.greenrobot.eventbus.EventBusBuilder)	Object()	java.lang.Object	SOURCE
org.greenrobot.eventbus.EventBus	EventBus(org.greenrobot.eventbus.EventBusBuilder)	getLogger()	org.greenrobot.eventbus.EventBusBuilder	SOURCE
org.greenrobot.eventbus.EventBus	EventBus(org.greenrobot.eventbus.EventBusBuilder)	HashMap()	java.util.HashMap	SOURCE
org.greenrobot.eventbus.EventBus	EventBus(org.greenrobot.eventbus.EventBusBuilder)	HashMap()	java.util.HashMap	SOURCE
org.greenrobot.eventbus.EventBus	EventBus(org.greenrobot.eventbus.EventBusBuilder)	ConcurrentHashMap()	java.util.concurrent.ConcurrentHashMap	SOURCE
org.greenrobot.eventbus.EventBus	EventBus(org.greenrobot.eventbus.EventBusBuilder)	getMainThreadSupport()	org.greenrobot.eventbus.EventBusBuilder	SOURCE
org.greenrobot.eventbus.EventBus	EventBus(org.greenrobot.eventbus.EventBusBuilder)	createPoster(org.greenrobot.eventbus.EventBus)	org.greenrobot.eventbus.MainThreadSupport	SOURCE
org.greenrobot.eventbus.EventBus	EventBus(org.greenrobot.eventbus.EventBusBuilder)	BackgroundPoster(org.greenrobot.eventbus.EventBus)	org.greenrobot.eventbus.BackgroundPoster	SOURCE
org.greenrobot.eventbus.EventBus	EventBus(org.greenrobot.eventbus.EventBusBuilder)	AsyncPoster(org.greenrobot.eventbus.EventBus)	org.greenrobot.eventbus.AsyncPoster	SOURCE
org.greenrobot.eventbus.EventBus	EventBus(org.greenrobot.eventbus.EventBusBuilder)	size()	java.util.List	SOURCE
org.greenrobot.eventbus.EventBus	EventBus(org.greenrobot.eventbus.EventBusBuilder)	SubscriberMethodFinder(java.util.List,boolean,boolean)	org.greenrobot.eventbus.SubscriberMethodFinder	SOURCE
org.greenrobot.eventbus.EventBus	register(java.lang.Object)	isAndroidSDKAvailable()	org.greenrobot.eventbus.android.AndroidDependenciesDetector	SOURCE
org.greenrobot.eventbus.EventBus	register(java.lang.Object)	areAndroidComponentsAvailable()	org.greenrobot.eventbus.android.AndroidDependenciesDetector	SOURCE
org.greenrobot.eventbus.EventBus	register(java.lang.Object)	RuntimeException(java.lang.String)	java.lang.RuntimeException	SOURCE
org.greenrobot.eventbus.EventBus	register(java.lang.Object)	getClass()	java.lang.Object	SOURCE
org.greenrobot.eventbus.EventBus	register(java.lang.Object)	findSubscriberMethods(java.lang.Class)	org.greenrobot.eventbus.SubscriberMethodFinder	SOURCE
org.greenrobot.eventbus.EventBus	register(java.lang.Object)	subscribe(java.lang.Object,org.greenrobot.eventbus.SubscriberMethod)	org.greenrobot.eventbus.EventBus	SOURCE
org.greenrobot.eventbus.EventBus	subscribe(java.lang.Object,org.greenrobot.eventbus.SubscriberMethod)	Subscription(java.lang.Object,org.greenrobot.eventbus.SubscriberMethod)	org.greenrobot.eventbus.Subscription	SOURCE
org.greenrobot.eventbus.EventBus	subscribe(java.lang.Object,org.greenrobot.eventbus.SubscriberMethod)	get(java.lang.Object)	java.util.Map	SOURCE
org.greenrobot.eventbus.EventBus	subscribe(java.lang.Object,org.greenrobot.eventbus.SubscriberMethod)	CopyOnWriteArrayList()	java.util.concurrent.CopyOnWriteArrayList	SOURCE
org.greenrobot.eventbus.EventBus	subscribe(java.lang.Object,org.greenrobot.eventbus.SubscriberMethod)	put(K,V)	java.util.Map	SOURCE
org.greenrobot.eventbus.EventBus	subscribe(java.lang.Object,org.greenrobot.eventbus.SubscriberMethod)	contains(java.lang.Object)	java.util.concurrent.CopyOnWriteArrayList	SOURCE
org.greenrobot.eventbus.EventBus	subscribe(java.lang.Object,org.greenrobot.eventbus.SubscriberMethod)	EventBusException(java.lang.String)	org.greenrobot.eventbus.EventBusException	SOURCE
org.greenrobot.eventbus.EventBus	subscribe(java.lang.Object,org.greenrobot.eventbus.SubscriberMethod)	getClass()	java.lang.Object	SOURCE
org.greenrobot.eventbus.EventBus	subscribe(java.lang.Object,org.greenrobot.eventbus.SubscriberMethod)	size()	java.util.concurrent.CopyOnWriteArrayList	SOURCE
org.greenrobot.eventbus.EventBus	subscribe(java.lang.Object,org.greenrobot.eventbus.SubscriberMethod)	get(int)	java.util.concurrent.CopyOnWriteArrayList	SOURCE
org.greenrobot.eventbus.EventBus	subscribe(java.lang.Object,org.greenrobot.eventbus.SubscriberMethod)	add(int,E)	java.util.concurrent.CopyOnWriteArrayList	SOURCE
org.greenrobot.eventbus.EventBus	subscribe(java.lang.Object,org.greenrobot.eventbus.SubscriberMethod)	get(java.lang.Object)	java.util.Map	SOURCE
org.greenrobot.eventbus.EventBus	subscribe(java.lang.Object,org.greenrobot.eventbus.SubscriberMethod)	ArrayList()	java.util.ArrayList	SOURCE
org.greenrobot.eventbus.EventBus	subscribe(java.lang.Object,org.greenrobot.eventbus.SubscriberMethod)	put(K,V)	java.util.Map	SOURCE
org.greenrobot.eventbus.EventBus	subscribe(java.lang.Object,org.greenrobot.eventbus.SubscriberMethod)	add(E)	java.util.List	SOURCE
org.greenrobot.eventbus.EventBus	subscribe(java.lang.Object,org.greenrobot.eventbus.SubscriberMethod)	entrySet()	java.util.Map	SOURCE
org.greenrobot.eventbus.EventBus	subscribe(java.lang.Object,org.greenrobot.eventbus.SubscriberMethod)	getKey()	java.util.Map$Entry	SOURCE
org.greenrobot.eventbus.EventBus	subscribe(java.lang.Object,org.greenrobot.eventbus.SubscriberMethod)	isAssignableFrom(java.lang.Class)	java.lang.Class	SOURCE
org.greenrobot.eventbus.EventBus	subscribe(java.lang.Object,org.greenrobot.eventbus.SubscriberMethod)	getValue()	java.util.Map$Entry	SOURCE
org.greenrobot.eventbus.EventBus	subscribe(java.lang.Object,org.greenrobot.eventbus.SubscriberMethod)	checkPostStickyEventToSubscription(org.greenrobot.eventbus.Subscription,java.lang.Object)	org.greenrobot.eventbus.EventBus	SOURCE
org.greenrobot.eventbus.EventBus	subscribe(java.lang.Object,org.greenrobot.eventbus.SubscriberMethod)	get(java.lang.Object)	java.util.Map	SOURCE
org.greenrobot.eventbus.EventBus	subscribe(java.lang.Object,org.greenrobot.eventbus.SubscriberMethod)	checkPostStickyEventToSubscription(org.greenrobot.eventbus.Subscription,java.lang.Object)	org.greenrobot.eventbus.EventBus	SOURCE
org.greenrobot.eventbus.EventBus	checkPostStickyEventToSubscription(org.greenrobot.eventbus.Subscription,java.lang.Object)	postToSubscription(org.greenrobot.eventbus.Subscription,java.lang.Object,boolean)	org.greenrobot.eventbus.EventBus	SOURCE
org.greenrobot.eventbus.EventBus	checkPostStickyEventToSubscription(org.greenrobot.eventbus.Subscription,java.lang.Object)	isMainThread()	org.greenrobot.eventbus.EventBus	SOURCE
org.greenrobot.eventbus.EventBus	isMainThread()	isMainThread()	org.greenrobot.eventbus.MainThreadSupport	SOURCE
org.greenrobot.eventbus.EventBus	isRegistered(java.lang.Object)	containsKey(java.lang.Object)	java.util.Map	SOURCE
org.greenrobot.eventbus.EventBus	unsubscribeByEventType(java.lang.Object,java.lang.Class)	get(java.lang.Object)	java.util.Map	SOURCE
org.greenrobot.eventbus.EventBus	unsubscribeByEventType(java.lang.Object,java.lang.Class)	size()	java.util.List	SOURCE
org.greenrobot.eventbus.EventBus	unsubscribeByEventType(java.lang.Object,java.lang.Class)	get(int)	java.util.List	SOURCE
org.greenrobot.eventbus.EventBus	unsubscribeByEventType(java.lang.Object,java.lang.Class)	remove(int)	java.util.List	SOURCE
org.greenrobot.eventbus.EventBus	unregister(java.lang.Object)	get(java.lang.Object)	java.util.Map	SOURCE
org.greenrobot.eventbus.EventBus	unregister(java.lang.Object)	unsubscribeByEventType(java.lang.Object,java.lang.Class)	org.greenrobot.eventbus.EventBus	SOURCE
org.greenrobot.eventbus.EventBus	unregister(java.lang.Object)	remove(java.lang.Object)	java.util.Map	SOURCE
org.greenrobot.eventbus.EventBus	unregister(java.lang.Object)	log(java.util.logging.Level,java.lang.String)	org.greenrobot.eventbus.Logger	SOURCE
org.greenrobot.eventbus.EventBus	unregister(java.lang.Object)	getClass()	java.lang.Object	SOURCE
org.greenrobot.eventbus.EventBus	post(java.lang.Object)	get()	java.lang.ThreadLocal	SOURCE
org.greenrobot.eventbus.EventBus	post(java.lang.Object)	add(E)	java.util.List	SOURCE
org.greenrobot.eventbus.EventBus	post(java.lang.Object)	isMainThread()	org.greenrobot.eventbus.EventBus	SOURCE
org.greenrobot.eventbus.EventBus	post(java.lang.Object)	EventBusException(java.lang.String)	org.greenrobot.eventbus.EventBusException	SOURCE
org.greenrobot.eventbus.EventBus	post(java.lang.Object)	isEmpty()	java.util.List	SOURCE
org.greenrobot.eventbus.EventBus	post(java.lang.Object)	postSingleEvent(java.lang.Object,org.greenrobot.eventbus.EventBus.PostingThreadState)	org.greenrobot.eventbus.EventBus	SOURCE
org.greenrobot.eventbus.EventBus	post(java.lang.Object)	remove(int)	java.util.List	SOURCE
org.greenrobot.eventbus.EventBus	cancelEventDelivery(java.lang.Object)	get()	java.lang.ThreadLocal	SOURCE
org.greenrobot.eventbus.EventBus	cancelEventDelivery(java.lang.Object)	EventBusException(java.lang.String)	org.greenrobot.eventbus.EventBusException	SOURCE
org.greenrobot.eventbus.EventBus	cancelEventDelivery(java.lang.Object)	EventBusException(java.lang.String)	org.greenrobot.eventbus.EventBusException	SOURCE
org.greenrobot.eventbus.EventBus	cancelEventDelivery(java.lang.Object)	EventBusException(java.lang.String)	org.greenrobot.eventbus.EventBusException	SOURCE
org.greenrobot.eventbus.EventBus	cancelEventDelivery(java.lang.Object)	EventBusException(java.lang.String)	org.greenrobot.eventbus.EventBusException	SOURCE
org.greenrobot.eventbus.EventBus	postSticky(java.lang.Object)	put(K,V)	java.util.Map	SOURCE
org.greenrobot.eventbus.EventBus	postSticky(java.lang.Object)	getClass()	java.lang.Object	SOURCE
org.greenrobot.eventbus.EventBus	postSticky(java.lang.Object)	post(java.lang.Object)	org.greenrobot.eventbus.EventBus	SOURCE
org.greenrobot.eventbus.EventBus	getStickyEvent(java.lang.Class)	cast(java.lang.Object)	java.lang.Class	SOURCE
org.greenrobot.eventbus.EventBus	getStickyEvent(java.lang.Class)	get(java.lang.Object)	java.util.Map	SOURCE
org.greenrobot.eventbus.EventBus	removeStickyEvent(java.lang.Class)	cast(java.lang.Object)	java.lang.Class	SOURCE
org.greenrobot.eventbus.EventBus	removeStickyEvent(java.lang.Class)	remove(java.lang.Object)	java.util.Map	SOURCE
org.greenrobot.eventbus.EventBus	removeStickyEvent(java.lang.Object)	getClass()	java.lang.Object	SOURCE
org.greenrobot.eventbus.EventBus	removeStickyEvent(java.lang.Object)	get(java.lang.Object)	java.util.Map	SOURCE
org.greenrobot.eventbus.EventBus	removeStickyEvent(java.lang.Object)	equals(java.lang.Object)	java.lang.Object	SOURCE
org.greenrobot.eventbus.EventBus	removeStickyEvent(java.lang.Object)	remove(java.lang.Object)	java.util.Map	SOURCE
org.greenrobot.eventbus.EventBus	removeAllStickyEvents()	clear()	java.util.Map	SOURCE
org.greenrobot.eventbus.EventBus	hasSubscriberForEvent(java.lang.Class)	lookupAllEventTypes(java.lang.Class)	org.greenrobot.eventbus.EventBus	SOURCE
org.greenrobot.eventbus.EventBus	hasSubscriberForEvent(java.lang.Class)	size()	java.util.List	SOURCE
org.greenrobot.eventbus.EventBus	hasSubscriberForEvent(java.lang.Class)	get(int)	java.util.List	SOURCE
org.greenrobot.eventbus.EventBus	hasSubscriberForEvent(java.lang.Class)	get(java.lang.Object)	java.util.Map	SOURCE
org.greenrobot.eventbus.EventBus	hasSubscriberForEvent(java.lang.Class)	isEmpty()	java.util.concurrent.CopyOnWriteArrayList	SOURCE
org.greenrobot.eventbus.EventBus	postSingleEvent(java.lang.Object,org.greenrobot.eventbus.EventBus.PostingThreadState)	getClass()	java.lang.Object	SOURCE
org.greenrobot.eventbus.EventBus	postSingleEvent(java.lang.Object,org.greenrobot.eventbus.EventBus.PostingThreadState)	lookupAllEventTypes(java.lang.Class)	org.greenrobot.eventbus.EventBus	SOURCE
org.greenrobot.eventbus.EventBus	postSingleEvent(java.lang.Object,org.greenrobot.eventbus.EventBus.PostingThreadState)	size()	java.util.List	SOURCE
org.greenrobot.eventbus.EventBus	postSingleEvent(java.lang.Object,org.greenrobot.eventbus.EventBus.PostingThreadState)	get(int)	java.util.List	SOURCE
org.greenrobot.eventbus.EventBus	postSingleEvent(java.lang.Object,org.greenrobot.eventbus.EventBus.PostingThreadState)	postSingleEventForEventType(java.lang.Object,org.greenrobot.eventbus.EventBus.PostingThreadState,java.lang.Class)	org.greenrobot.eventbus.EventBus	SOURCE
org.greenrobot.eventbus.EventBus	postSingleEvent(java.lang.Object,org.greenrobot.eventbus.EventBus.PostingThreadState)	postSingleEventForEventType(java.lang.Object,org.greenrobot.eventbus.EventBus.PostingThreadState,java.lang.Class)	org.greenrobot.eventbus.EventBus	SOURCE
org.greenrobot.eventbus.EventBus	postSingleEvent(java.lang.Object,org.greenrobot.eventbus.EventBus.PostingThreadState)	log(java.util.logging.Level,java.lang.String)	org.greenrobot.eventbus.Logger	SOURCE
org.greenrobot.eventbus.EventBus	postSingleEvent(java.lang.Object,org.greenrobot.eventbus.EventBus.PostingThreadState)	post(java.lang.Object)	org.greenrobot.eventbus.EventBus	SOURCE
org.greenrobot.eventbus.EventBus	postSingleEvent(java.lang.Object,org.greenrobot.eventbus.EventBus.PostingThreadState)	NoSubscriberEvent(org.greenrobot.eventbus.EventBus,java.lang.Object)	org.greenrobot.eventbus.NoSubscriberEvent	SOURCE
org.greenrobot.eventbus.EventBus	postSingleEventForEventType(java.lang.Object,org.greenrobot.eventbus.EventBus.PostingThreadState,java.lang.Class)	get(java.lang.Object)	java.util.Map	SOURCE
org.greenrobot.eventbus.EventBus	postSingleEventForEventType(java.lang.Object,org.greenrobot.eventbus.EventBus.PostingThreadState,java.lang.Class)	isEmpty()	java.util.concurrent.CopyOnWriteArrayList	SOURCE
org.greenrobot.eventbus.EventBus	postSingleEventForEventType(java.lang.Object,org.greenrobot.eventbus.EventBus.PostingThreadState,java.lang.Class)	postToSubscription(org.greenrobot.eventbus.Subscription,java.lang.Object,boolean)	org.greenrobot.eventbus.EventBus	SOURCE
org.greenrobot.eventbus.EventBus	postToSubscription(org.greenrobot.eventbus.Subscription,java.lang.Object,boolean)	invokeSubscriber(org.greenrobot.eventbus.Subscription,java.lang.Object)	org.greenrobot.eventbus.EventBus	SOURCE
org.greenrobot.eventbus.EventBus	postToSubscription(org.greenrobot.eventbus.Subscription,java.lang.Object,boolean)	invokeSubscriber(org.greenrobot.eventbus.Subscription,java.lang.Object)	org.greenrobot.eventbus.EventBus	SOURCE
org.greenrobot.eventbus.EventBus	postToSubscription(org.greenrobot.eventbus.Subscription,java.lang.Object,boolean)	enqueue(org.greenrobot.eventbus.Subscription,java.lang.Object)	org.greenrobot.eventbus.Poster	SOURCE
org.greenrobot.eventbus.EventBus	postToSubscription(org.greenrobot.eventbus.Subscription,java.lang.Object,boolean)	enqueue(org.greenrobot.eventbus.Subscription,java.lang.Object)	org.greenrobot.eventbus.Poster	SOURCE
org.greenrobot.eventbus.EventBus	postToSubscription(org.greenrobot.eventbus.Subscription,java.lang.Object,boolean)	invokeSubscriber(org.greenrobot.eventbus.Subscription,java.lang.Object)	org.greenrobot.eventbus.EventBus	SOURCE
org.greenrobot.eventbus.EventBus	postToSubscription(org.greenrobot.eventbus.Subscription,java.lang.Object,boolean)	enqueue(org.greenrobot.eventbus.Subscription,java.lang.Object)	org.greenrobot.eventbus.BackgroundPoster	SOURCE
org.greenrobot.eventbus.EventBus	postToSubscription(org.greenrobot.eventbus.Subscription,java.lang.Object,boolean)	invokeSubscriber(org.greenrobot.eventbus.Subscription,java.lang.Object)	org.greenrobot.eventbus.EventBus	SOURCE
org.greenrobot.eventbus.EventBus	postToSubscription(org.greenrobot.eventbus.Subscription,java.lang.Object,boolean)	enqueue(org.greenrobot.eventbus.Subscription,java.lang.Object)	org.greenrobot.eventbus.AsyncPoster	SOURCE
org.greenrobot.eventbus.EventBus	postToSubscription(org.greenrobot.eventbus.Subscription,java.lang.Object,boolean)	IllegalStateException(java.lang.String)	java.lang.IllegalStateException	SOURCE
org.greenrobot.eventbus.EventBus	lookupAllEventTypes(java.lang.Class)	get(java.lang.Object)	java.util.Map	SOURCE
org.greenrobot.eventbus.EventBus	lookupAllEventTypes(java.lang.Class)	ArrayList()	java.util.ArrayList	SOURCE
org.greenrobot.eventbus.EventBus	lookupAllEventTypes(java.lang.Class)	add(E)	java.util.List	SOURCE
org.greenrobot.eventbus.EventBus	lookupAllEventTypes(java.lang.Class)	addInterfaces(java.util.List,java.lang.Class[])	org.greenrobot.eventbus.EventBus	SOURCE
org.greenrobot.eventbus.EventBus	lookupAllEventTypes(java.lang.Class)	getInterfaces()	java.lang.Class	SOURCE
org.greenrobot.eventbus.EventBus	lookupAllEventTypes(java.lang.Class)	getSuperclass()	java.lang.Class	SOURCE
org.greenrobot.eventbus.EventBus	lookupAllEventTypes(java.lang.Class)	put(K,V)	java.util.Map	SOURCE
org.greenrobot.eventbus.EventBus	addInterfaces(java.util.List,java.lang.Class[])	contains(java.lang.Object)	java.util.List	SOURCE
org.greenrobot.eventbus.EventBus	addInterfaces(java.util.List,java.lang.Class[])	add(E)	java.util.List	SOURCE
org.greenrobot.eventbus.EventBus	addInterfaces(java.util.List,java.lang.Class[])	addInterfaces(java.util.List,java.lang.Class[])	org.greenrobot.eventbus.EventBus	SOURCE
org.greenrobot.eventbus.EventBus	addInterfaces(java.util.List,java.lang.Class[])	getInterfaces()	java.lang.Class	SOURCE
org.greenrobot.eventbus.EventBus	invokeSubscriber(org.greenrobot.eventbus.PendingPost)	releasePendingPost(org.greenrobot.eventbus.PendingPost)	org.greenrobot.eventbus.PendingPost	SOURCE
org.greenrobot.eventbus.EventBus	invokeSubscriber(org.greenrobot.eventbus.PendingPost)	invokeSubscriber(org.greenrobot.eventbus.Subscription,java.lang.Object)	org.greenrobot.eventbus.EventBus	SOURCE
org.greenrobot.eventbus.EventBus	invokeSubscriber(org.greenrobot.eventbus.Subscription,java.lang.Object)	invoke(java.lang.Object,java.lang.Object[])	java.lang.reflect.Method	SOURCE
org.greenrobot.eventbus.EventBus	invokeSubscriber(org.greenrobot.eventbus.Subscription,java.lang.Object)	handleSubscriberException(org.greenrobot.eventbus.Subscription,java.lang.Object,java.lang.Throwable)	org.greenrobot.eventbus.EventBus	SOURCE
org.greenrobot.eventbus.EventBus	invokeSubscriber(org.greenrobot.eventbus.Subscription,java.lang.Object)	getCause()	java.lang.reflect.InvocationTargetException	SOURCE
org.greenrobot.eventbus.EventBus	invokeSubscriber(org.greenrobot.eventbus.Subscription,java.lang.Object)	IllegalStateException(java.lang.String,java.lang.Throwable)	java.lang.IllegalStateException	SOURCE
org.greenrobot.eventbus.EventBus	handleSubscriberException(org.greenrobot.eventbus.Subscription,java.lang.Object,java.lang.Throwable)	log(java.util.logging.Level,java.lang.String,java.lang.Throwable)	org.greenrobot.eventbus.Logger	SOURCE
org.greenrobot.eventbus.EventBus	handleSubscriberException(org.greenrobot.eventbus.Subscription,java.lang.Object,java.lang.Throwable)	getClass()	java.lang.Object	SOURCE
org.greenrobot.eventbus.EventBus	handleSubscriberException(org.greenrobot.eventbus.Subscription,java.lang.Object,java.lang.Throwable)	log(java.util.logging.Level,java.lang.String,java.lang.Throwable)	org.greenrobot.eventbus.Logger	SOURCE
org.greenrobot.eventbus.EventBus	handleSubscriberException(org.greenrobot.eventbus.Subscription,java.lang.Object,java.lang.Throwable)	EventBusException(java.lang.String,java.lang.Throwable)	org.greenrobot.eventbus.EventBusException	SOURCE
org.greenrobot.eventbus.EventBus	handleSubscriberException(org.greenrobot.eventbus.Subscription,java.lang.Object,java.lang.Throwable)	log(java.util.logging.Level,java.lang.String,java.lang.Throwable)	org.greenrobot.eventbus.Logger	SOURCE
org.greenrobot.eventbus.EventBus	handleSubscriberException(org.greenrobot.eventbus.Subscription,java.lang.Object,java.lang.Throwable)	getClass()	java.lang.Object	SOURCE
org.greenrobot.eventbus.EventBus	handleSubscriberException(org.greenrobot.eventbus.Subscription,java.lang.Object,java.lang.Throwable)	getClass()	java.lang.Object	SOURCE
org.greenrobot.eventbus.EventBus	handleSubscriberException(org.greenrobot.eventbus.Subscription,java.lang.Object,java.lang.Throwable)	SubscriberExceptionEvent(org.greenrobot.eventbus.EventBus,java.lang.Throwable,java.lang.Object,java.lang.Object)	org.greenrobot.eventbus.SubscriberExceptionEvent	SOURCE
org.greenrobot.eventbus.EventBus	handleSubscriberException(org.greenrobot.eventbus.Subscription,java.lang.Object,java.lang.Throwable)	post(java.lang.Object)	org.greenrobot.eventbus.EventBus	SOURCE
org.greenrobot.eventbus.EventBus$PostingThreadState	eventQueue	ArrayList()	java.util.ArrayList	SOURCE
org.greenrobot.eventbus.EventBusBuilder	DEFAULT_EXECUTOR_SERVICE	newCachedThreadPool()	java.util.concurrent.Executors	SOURCE
org.greenrobot.eventbus.EventBusBuilder	EventBusBuilder()	Object()	java.lang.Object	SOURCE
org.greenrobot.eventbus.EventBusBuilder	skipMethodVerificationFor(java.lang.Class)	ArrayList()	java.util.ArrayList	SOURCE
org.greenrobot.eventbus.EventBusBuilder	skipMethodVerificationFor(java.lang.Class)	add(E)	java.util.List	SOURCE
org.greenrobot.eventbus.EventBusBuilder	addIndex(org.greenrobot.eventbus.meta.SubscriberInfoIndex)	ArrayList()	java.util.ArrayList	SOURCE
org.greenrobot.eventbus.EventBusBuilder	addIndex(org.greenrobot.eventbus.meta.SubscriberInfoIndex)	add(E)	java.util.List	SOURCE
org.greenrobot.eventbus.EventBusBuilder	getLogger()	get()	org.greenrobot.eventbus.Logger$Default	SOURCE
org.greenrobot.eventbus.EventBusBuilder	getMainThreadSupport()	areAvailable()	org.greenrobot.eventbus.android.AndroidComponents	SOURCE
org.greenrobot.eventbus.EventBusBuilder	getMainThreadSupport()	get()	org.greenrobot.eventbus.android.AndroidComponents	SOURCE
org.greenrobot.eventbus.EventBusBuilder	installDefaultEventBus()	EventBusException(java.lang.String)	org.greenrobot.eventbus.EventBusException	SOURCE
org.greenrobot.eventbus.EventBusBuilder	installDefaultEventBus()	build()	org.greenrobot.eventbus.EventBusBuilder	SOURCE
org.greenrobot.eventbus.EventBusBuilder	build()	EventBus(org.greenrobot.eventbus.EventBusBuilder)	org.greenrobot.eventbus.EventBus	SOURCE
org.greenrobot.eventbus.BackgroundPoster	BackgroundPoster(org.greenrobot.eventbus.EventBus)	Object()	java.lang.Object	SOURCE
org.greenrobot.eventbus.BackgroundPoster	BackgroundPoster(org.greenrobot.eventbus.EventBus)	PendingPostQueue()	org.greenrobot.eventbus.PendingPostQueue	SOURCE
org.greenrobot.eventbus.BackgroundPoster	enqueue(org.greenrobot.eventbus.Subscription,java.lang.Object)	obtainPendingPost(org.greenrobot.eventbus.Subscription,java.lang.Object)	org.greenrobot.eventbus.PendingPost	SOURCE
org.greenrobot.eventbus.BackgroundPoster	enqueue(org.greenrobot.eventbus.Subscription,java.lang.Object)	enqueue(org.greenrobot.eventbus.PendingPost)	org.greenrobot.eventbus.PendingPostQueue	SOURCE
org.greenrobot.eventbus.BackgroundPoster	enqueue(org.greenrobot.eventbus.Subscription,java.lang.Object)	execute(java.lang.Runnable)	java.util.concurrent.Executor	SOURCE
org.greenrobot.eventbus.BackgroundPoster	enqueue(org.greenrobot.eventbus.Subscription,java.lang.Object)	getExecutorService()	org.greenrobot.eventbus.EventBus	SOURCE
org.greenrobot.eventbus.BackgroundPoster	run()	poll(int)	org.greenrobot.eventbus.PendingPostQueue	SOURCE
org.greenrobot.eventbus.BackgroundPoster	run()	poll()	org.greenrobot.eventbus.PendingPostQueue	SOURCE
org.greenrobot.eventbus.BackgroundPoster	run()	invokeSubscriber(org.greenrobot.eventbus.PendingPost)	org.greenrobot.eventbus.EventBus	SOURCE
org.greenrobot.eventbus.BackgroundPoster	run()	log(java.util.logging.Level,java.lang.String,java.lang.Throwable)	org.greenrobot.eventbus.Logger	SOURCE
org.greenrobot.eventbus.BackgroundPoster	run()	getLogger()	org.greenrobot.eventbus.EventBus	SOURCE
org.greenrobot.eventbus.BackgroundPoster	run()	getName()	java.lang.Thread	SOURCE
org.greenrobot.eventbus.BackgroundPoster	run()	currentThread()	java.lang.Thread	SOURCE
org.greenrobot.eventbus.AsyncPoster	AsyncPoster(org.greenrobot.eventbus.EventBus)	Object()	java.lang.Object	SOURCE
org.greenrobot.eventbus.AsyncPoster	AsyncPoster(org.greenrobot.eventbus.EventBus)	PendingPostQueue()	org.greenrobot.eventbus.PendingPostQueue	SOURCE
org.greenrobot.eventbus.AsyncPoster	enqueue(org.greenrobot.eventbus.Subscription,java.lang.Object)	obtainPendingPost(org.greenrobot.eventbus.Subscription,java.lang.Object)	org.greenrobot.eventbus.PendingPost	SOURCE
org.greenrobot.eventbus.AsyncPoster	enqueue(org.greenrobot.eventbus.Subscription,java.lang.Object)	enqueue(org.greenrobot.eventbus.PendingPost)	org.greenrobot.eventbus.PendingPostQueue	SOURCE
org.greenrobot.eventbus.AsyncPoster	enqueue(org.greenrobot.eventbus.Subscription,java.lang.Object)	execute(java.lang.Runnable)	java.util.concurrent.Executor	SOURCE
org.greenrobot.eventbus.AsyncPoster	enqueue(org.greenrobot.eventbus.Subscription,java.lang.Object)	getExecutorService()	org.greenrobot.eventbus.EventBus	SOURCE
org.greenrobot.eventbus.AsyncPoster	run()	poll()	org.greenrobot.eventbus.PendingPostQueue	SOURCE
org.greenrobot.eventbus.AsyncPoster	run()	IllegalStateException(java.lang.String)	java.lang.IllegalStateException	SOURCE
org.greenrobot.eventbus.AsyncPoster	run()	invokeSubscriber(org.greenrobot.eventbus.PendingPost)	org.greenrobot.eventbus.EventBus	SOURCE
org.greenrobot.eventbus.SubscriberMethodFinder	METHOD_CACHE	ConcurrentHashMap()	java.util.concurrent.ConcurrentHashMap	SOURCE
org.greenrobot.eventbus.SubscriberMethodFinder	SubscriberMethodFinder(java.util.List,boolean,boolean)	Object()	java.lang.Object	SOURCE
org.greenrobot.eventbus.SubscriberMethodFinder	findSubscriberMethods(java.lang.Class)	get(java.lang.Object)	java.util.Map	SOURCE
org.greenrobot.eventbus.SubscriberMethodFinder	findSubscriberMethods(java.lang.Class)	findUsingReflection(java.lang.Class)	org.greenrobot.eventbus.SubscriberMethodFinder	SOURCE
org.greenrobot.eventbus.SubscriberMethodFinder	findSubscriberMethods(java.lang.Class)	findUsingInfo(java.lang.Class)	org.greenrobot.eventbus.SubscriberMethodFinder	SOURCE
org.greenrobot.eventbus.SubscriberMethodFinder	findSubscriberMethods(java.lang.Class)	isEmpty()	java.util.List	SOURCE
org.greenrobot.eventbus.SubscriberMethodFinder	findSubscriberMethods(java.lang.Class)	EventBusException(java.lang.String)	org.greenrobot.eventbus.EventBusException	SOURCE
org.greenrobot.eventbus.SubscriberMethodFinder	findSubscriberMethods(java.lang.Class)	put(K,V)	java.util.Map	SOURCE
org.greenrobot.eventbus.SubscriberMethodFinder	findUsingInfo(java.lang.Class)	prepareFindState()	org.greenrobot.eventbus.SubscriberMethodFinder	SOURCE
org.greenrobot.eventbus.SubscriberMethodFinder	findUsingInfo(java.lang.Class)	initForSubscriber(java.lang.Class)	org.greenrobot.eventbus.SubscriberMethodFinder$FindState	SOURCE
org.greenrobot.eventbus.SubscriberMethodFinder	findUsingInfo(java.lang.Class)	getSubscriberInfo(org.greenrobot.eventbus.SubscriberMethodFinder.FindState)	org.greenrobot.eventbus.SubscriberMethodFinder	SOURCE
org.greenrobot.eventbus.SubscriberMethodFinder	findUsingInfo(java.lang.Class)	getSubscriberMethods()	org.greenrobot.eventbus.meta.SubscriberInfo	SOURCE
org.greenrobot.eventbus.SubscriberMethodFinder	findUsingInfo(java.lang.Class)	checkAdd(java.lang.reflect.Method,java.lang.Class)	org.greenrobot.eventbus.SubscriberMethodFinder$FindState	SOURCE
org.greenrobot.eventbus.SubscriberMethodFinder	findUsingInfo(java.lang.Class)	add(E)	java.util.List	SOURCE
org.greenrobot.eventbus.SubscriberMethodFinder	findUsingInfo(java.lang.Class)	findUsingReflectionInSingleClass(org.greenrobot.eventbus.SubscriberMethodFinder.FindState)	org.greenrobot.eventbus.SubscriberMethodFinder	SOURCE
org.greenrobot.eventbus.SubscriberMethodFinder	findUsingInfo(java.lang.Class)	moveToSuperclass()	org.greenrobot.eventbus.SubscriberMethodFinder$FindState	SOURCE
org.greenrobot.eventbus.SubscriberMethodFinder	findUsingInfo(java.lang.Class)	getMethodsAndRelease(org.greenrobot.eventbus.SubscriberMethodFinder.FindState)	org.greenrobot.eventbus.SubscriberMethodFinder	SOURCE
org.greenrobot.eventbus.SubscriberMethodFinder	getMethodsAndRelease(org.greenrobot.eventbus.SubscriberMethodFinder.FindState)	ArrayList(java.util.Collection)	java.util.ArrayList	SOURCE
org.greenrobot.eventbus.SubscriberMethodFinder	getMethodsAndRelease(org.greenrobot.eventbus.SubscriberMethodFinder.FindState)	recycle()	org.greenrobot.eventbus.SubscriberMethodFinder$FindState	SOURCE
org.greenrobot.eventbus.SubscriberMethodFinder	prepareFindState()	FindState()	org.greenrobot.eventbus.SubscriberMethodFinder$FindState	SOURCE
org.greenrobot.eventbus.SubscriberMethodFinder	getSubscriberInfo(org.greenrobot.eventbus.SubscriberMethodFinder.FindState)	getSuperSubscriberInfo()	org.greenrobot.eventbus.meta.SubscriberInfo	SOURCE
org.greenrobot.eventbus.SubscriberMethodFinder	getSubscriberInfo(org.greenrobot.eventbus.SubscriberMethodFinder.FindState)	getSuperSubscriberInfo()	org.greenrobot.eventbus.meta.SubscriberInfo	SOURCE
org.greenrobot.eventbus.SubscriberMethodFinder	getSubscriberInfo(org.greenrobot.eventbus.SubscriberMethodFinder.FindState)	getSubscriberClass()	org.greenrobot.eventbus.meta.SubscriberInfo	SOURCE
org.greenrobot.eventbus.SubscriberMethodFinder	getSubscriberInfo(org.greenrobot.eventbus.SubscriberMethodFinder.FindState)	getSubscriberInfo(java.lang.Class)	org.greenrobot.eventbus.meta.SubscriberInfoIndex	SOURCE
org.greenrobot.eventbus.SubscriberMethodFinder	findUsingReflection(java.lang.Class)	prepareFindState()	org.greenrobot.eventbus.SubscriberMethodFinder	SOURCE
org.greenrobot.eventbus.SubscriberMethodFinder	findUsingReflection(java.lang.Class)	initForSubscriber(java.lang.Class)	org.greenrobot.eventbus.SubscriberMethodFinder$FindState	SOURCE
org.greenrobot.eventbus.SubscriberMethodFinder	findUsingReflection(java.lang.Class)	findUsingReflectionInSingleClass(org.greenrobot.eventbus.SubscriberMethodFinder.FindState)	org.greenrobot.eventbus.SubscriberMethodFinder	SOURCE
org.greenrobot.eventbus.SubscriberMethodFinder	findUsingReflection(java.lang.Class)	moveToSuperclass()	org.greenrobot.eventbus.SubscriberMethodFinder$FindState	SOURCE
org.greenrobot.eventbus.SubscriberMethodFinder	findUsingReflection(java.lang.Class)	getMethodsAndRelease(org.greenrobot.eventbus.SubscriberMethodFinder.FindState)	org.greenrobot.eventbus.SubscriberMethodFinder	SOURCE
org.greenrobot.eventbus.SubscriberMethodFinder	findUsingReflectionInSingleClass(org.greenrobot.eventbus.SubscriberMethodFinder.FindState)	getDeclaredMethods()	java.lang.Class	SOURCE
org.greenrobot.eventbus.SubscriberMethodFinder	findUsingReflectionInSingleClass(org.greenrobot.eventbus.SubscriberMethodFinder.FindState)	getMethods()	java.lang.Class	SOURCE
org.greenrobot.eventbus.SubscriberMethodFinder	findUsingReflectionInSingleClass(org.greenrobot.eventbus.SubscriberMethodFinder.FindState)	getName()	java.lang.Class	SOURCE
org.greenrobot.eventbus.SubscriberMethodFinder	findUsingReflectionInSingleClass(org.greenrobot.eventbus.SubscriberMethodFinder.FindState)	EventBusException(java.lang.String,java.lang.Throwable)	org.greenrobot.eventbus.EventBusException	SOURCE
org.greenrobot.eventbus.SubscriberMethodFinder	findUsingReflectionInSingleClass(org.greenrobot.eventbus.SubscriberMethodFinder.FindState)	getModifiers()	java.lang.reflect.Method	SOURCE
org.greenrobot.eventbus.SubscriberMethodFinder	findUsingReflectionInSingleClass(org.greenrobot.eventbus.SubscriberMethodFinder.FindState)	getParameterTypes()	java.lang.reflect.Method	SOURCE
org.greenrobot.eventbus.SubscriberMethodFinder	findUsingReflectionInSingleClass(org.greenrobot.eventbus.SubscriberMethodFinder.FindState)	getAnnotation(java.lang.Class)	java.lang.reflect.Method	SOURCE
org.greenrobot.eventbus.SubscriberMethodFinder	findUsingReflectionInSingleClass(org.greenrobot.eventbus.SubscriberMethodFinder.FindState)	checkAdd(java.lang.reflect.Method,java.lang.Class)	org.greenrobot.eventbus.SubscriberMethodFinder$FindState	SOURCE
org.greenrobot.eventbus.SubscriberMethodFinder	findUsingReflectionInSingleClass(org.greenrobot.eventbus.SubscriberMethodFinder.FindState)	threadMode()	org.greenrobot.eventbus.Subscribe	SOURCE
org.greenrobot.eventbus.SubscriberMethodFinder	findUsingReflectionInSingleClass(org.greenrobot.eventbus.SubscriberMethodFinder.FindState)	add(E)	java.util.List	SOURCE
org.greenrobot.eventbus.SubscriberMethodFinder	findUsingReflectionInSingleClass(org.greenrobot.eventbus.SubscriberMethodFinder.FindState)	SubscriberMethod(java.lang.reflect.Method,java.lang.Class,org.greenrobot.eventbus.ThreadMode,int,boolean)	org.greenrobot.eventbus.SubscriberMethod	SOURCE
org.greenrobot.eventbus.SubscriberMethodFinder	findUsingReflectionInSingleClass(org.greenrobot.eventbus.SubscriberMethodFinder.FindState)	priority()	org.greenrobot.eventbus.Subscribe	SOURCE
org.greenrobot.eventbus.SubscriberMethodFinder	findUsingReflectionInSingleClass(org.greenrobot.eventbus.SubscriberMethodFinder.FindState)	sticky()	org.greenrobot.eventbus.Subscribe	SOURCE
org.greenrobot.eventbus.SubscriberMethodFinder	findUsingReflectionInSingleClass(org.greenrobot.eventbus.SubscriberMethodFinder.FindState)	isAnnotationPresent(java.lang.Class)	java.lang.reflect.AccessibleObject	SOURCE
org.greenrobot.eventbus.SubscriberMethodFinder	findUsingReflectionInSingleClass(org.greenrobot.eventbus.SubscriberMethodFinder.FindState)	getName()	java.lang.Class	SOURCE
org.greenrobot.eventbus.SubscriberMethodFinder	findUsingReflectionInSingleClass(org.greenrobot.eventbus.SubscriberMethodFinder.FindState)	getDeclaringClass()	java.lang.reflect.Method	SOURCE
org.greenrobot.eventbus.SubscriberMethodFinder	findUsingReflectionInSingleClass(org.greenrobot.eventbus.SubscriberMethodFinder.FindState)	getName()	java.lang.reflect.Method	SOURCE
org.greenrobot.eventbus.SubscriberMethodFinder	findUsingReflectionInSingleClass(org.greenrobot.eventbus.SubscriberMethodFinder.FindState)	EventBusException(java.lang.String)	org.greenrobot.eventbus.EventBusException	SOURCE
org.greenrobot.eventbus.SubscriberMethodFinder	findUsingReflectionInSingleClass(org.greenrobot.eventbus.SubscriberMethodFinder.FindState)	isAnnotationPresent(java.lang.Class)	java.lang.reflect.AccessibleObject	SOURCE
org.greenrobot.eventbus.SubscriberMethodFinder	findUsingReflectionInSingleClass(org.greenrobot.eventbus.SubscriberMethodFinder.FindState)	getName()	java.lang.Class	SOURCE
org.greenrobot.eventbus.SubscriberMethodFinder	findUsingReflectionInSingleClass(org.greenrobot.eventbus.SubscriberMethodFinder.FindState)	getDeclaringClass()	java.lang.reflect.Method	SOURCE
org.greenrobot.eventbus.SubscriberMethodFinder	findUsingReflectionInSingleClass(org.greenrobot.eventbus.SubscriberMethodFinder.FindState)	getName()	java.lang.reflect.Method	SOURCE
org.greenrobot.eventbus.SubscriberMethodFinder	findUsingReflectionInSingleClass(org.greenrobot.eventbus.SubscriberMethodFinder.FindState)	EventBusException(java.lang.String)	org.greenrobot.eventbus.EventBusException	SOURCE
org.greenrobot.eventbus.SubscriberMethodFinder	clearCaches()	clear()	java.util.Map	SOURCE
org.greenrobot.eventbus.SubscriberMethodFinder$FindState	subscriberMethods	ArrayList()	java.util.ArrayList	SOURCE
org.greenrobot.eventbus.SubscriberMethodFinder$FindState	anyMethodByEventType	HashMap()	java.util.HashMap	SOURCE
org.greenrobot.eventbus.SubscriberMethodFinder$FindState	subscriberClassByMethodKey	HashMap()	java.util.HashMap	SOURCE
org.greenrobot.eventbus.SubscriberMethodFinder$FindState	methodKeyBuilder	StringBuilder(int)	java.lang.StringBuilder	SOURCE
org.greenrobot.eventbus.SubscriberMethodFinder$FindState	recycle()	clear()	java.util.List	SOURCE
org.greenrobot.eventbus.SubscriberMethodFinder$FindState	recycle()	clear()	java.util.Map	SOURCE
org.greenrobot.eventbus.SubscriberMethodFinder$FindState	recycle()	clear()	java.util.Map	SOURCE
org.greenrobot.eventbus.SubscriberMethodFinder$FindState	recycle()	setLength(int)	java.lang.AbstractStringBuilder	SOURCE
org.greenrobot.eventbus.SubscriberMethodFinder$FindState	checkAdd(java.lang.reflect.Method,java.lang.Class)	put(K,V)	java.util.Map	SOURCE
org.greenrobot.eventbus.SubscriberMethodFinder$FindState	checkAdd(java.lang.reflect.Method,java.lang.Class)	checkAddWithMethodSignature(java.lang.reflect.Method,java.lang.Class)	org.greenrobot.eventbus.SubscriberMethodFinder$FindState	SOURCE
org.greenrobot.eventbus.SubscriberMethodFinder$FindState	checkAdd(java.lang.reflect.Method,java.lang.Class)	IllegalStateException()	java.lang.IllegalStateException	SOURCE
org.greenrobot.eventbus.SubscriberMethodFinder$FindState	checkAdd(java.lang.reflect.Method,java.lang.Class)	put(K,V)	java.util.Map	SOURCE
org.greenrobot.eventbus.SubscriberMethodFinder$FindState	checkAdd(java.lang.reflect.Method,java.lang.Class)	checkAddWithMethodSignature(java.lang.reflect.Method,java.lang.Class)	org.greenrobot.eventbus.SubscriberMethodFinder$FindState	SOURCE
org.greenrobot.eventbus.SubscriberMethodFinder$FindState	checkAddWithMethodSignature(java.lang.reflect.Method,java.lang.Class)	setLength(int)	java.lang.AbstractStringBuilder	SOURCE
org.greenrobot.eventbus.SubscriberMethodFinder$FindState	checkAddWithMethodSignature(java.lang.reflect.Method,java.lang.Class)	append(java.lang.String)	java.lang.StringBuilder	SOURCE
org.greenrobot.eventbus.SubscriberMethodFinder$FindState	checkAddWithMethodSignature(java.lang.reflect.Method,java.lang.Class)	getName()	java.lang.reflect.Method	SOURCE
org.greenrobot.eventbus.SubscriberMethodFinder$FindState	checkAddWithMethodSignature(java.lang.reflect.Method,java.lang.Class)	append(java.lang.String)	java.lang.StringBuilder	SOURCE
org.greenrobot.eventbus.SubscriberMethodFinder$FindState	checkAddWithMethodSignature(java.lang.reflect.Method,java.lang.Class)	append(char)	java.lang.StringBuilder	SOURCE
org.greenrobot.eventbus.SubscriberMethodFinder$FindState	checkAddWithMethodSignature(java.lang.reflect.Method,java.lang.Class)	getName()	java.lang.Class	SOURCE
org.greenrobot.eventbus.SubscriberMethodFinder$FindState	checkAddWithMethodSignature(java.lang.reflect.Method,java.lang.Class)	toString()	java.lang.StringBuilder	SOURCE
org.greenrobot.eventbus.SubscriberMethodFinder$FindState	checkAddWithMethodSignature(java.lang.reflect.Method,java.lang.Class)	getDeclaringClass()	java.lang.reflect.Method	SOURCE
org.greenrobot.eventbus.SubscriberMethodFinder$FindState	checkAddWithMethodSignature(java.lang.reflect.Method,java.lang.Class)	put(K,V)	java.util.Map	SOURCE
org.greenrobot.eventbus.SubscriberMethodFinder$FindState	checkAddWithMethodSignature(java.lang.reflect.Method,java.lang.Class)	isAssignableFrom(java.lang.Class)	java.lang.Class	SOURCE
org.greenrobot.eventbus.SubscriberMethodFinder$FindState	checkAddWithMethodSignature(java.lang.reflect.Method,java.lang.Class)	put(K,V)	java.util.Map	SOURCE
org.greenrobot.eventbus.SubscriberMethodFinder$FindState	moveToSuperclass()	getSuperclass()	java.lang.Class	SOURCE
org.greenrobot.eventbus.SubscriberMethodFinder$FindState	moveToSuperclass()	getName()	java.lang.Class	SOURCE
org.greenrobot.eventbus.SubscriberMethodFinder$FindState	moveToSuperclass()	startsWith(java.lang.String)	java.lang.String	SOURCE
org.greenrobot.eventbus.SubscriberMethodFinder$FindState	moveToSuperclass()	startsWith(java.lang.String)	java.lang.String	SOURCE
org.greenrobot.eventbus.SubscriberMethodFinder$FindState	moveToSuperclass()	startsWith(java.lang.String)	java.lang.String	SOURCE
org.greenrobot.eventbus.SubscriberMethodFinder$FindState	moveToSuperclass()	startsWith(java.lang.String)	java.lang.String	SOURCE
org.greenrobot.eventbus.Logger$JavaLogger	JavaLogger(java.lang.String)	Object()	java.lang.Object	SOURCE
org.greenrobot.eventbus.Logger$JavaLogger	JavaLogger(java.lang.String)	getLogger(java.lang.String)	java.util.logging.Logger	SOURCE
org.greenrobot.eventbus.Logger$JavaLogger	log(java.util.logging.Level,java.lang.String)	log(java.util.logging.Level,java.lang.String)	java.util.logging.Logger	SOURCE
org.greenrobot.eventbus.Logger$JavaLogger	log(java.util.logging.Level,java.lang.String,java.lang.Throwable)	log(java.util.logging.Level,java.lang.String,java.lang.Throwable)	java.util.logging.Logger	SOURCE
org.greenrobot.eventbus.Logger$SystemOutLogger	log(java.util.logging.Level,java.lang.String)	println(java.lang.String)	java.io.PrintStream	SOURCE
org.greenrobot.eventbus.Logger$SystemOutLogger	log(java.util.logging.Level,java.lang.String,java.lang.Throwable)	println(java.lang.String)	java.io.PrintStream	SOURCE
org.greenrobot.eventbus.Logger$SystemOutLogger	log(java.util.logging.Level,java.lang.String,java.lang.Throwable)	printStackTrace(java.io.PrintStream)	java.lang.Throwable	SOURCE
org.greenrobot.eventbus.Logger$Default	get()	areAvailable()	org.greenrobot.eventbus.android.AndroidComponents	SOURCE
org.greenrobot.eventbus.Logger$Default	get()	get()	org.greenrobot.eventbus.android.AndroidComponents	SOURCE
org.greenrobot.eventbus.Logger$Default	get()	SystemOutLogger()	org.greenrobot.eventbus.Logger$SystemOutLogger	SOURCE
org.greenrobot.eventbus.PendingPost	pendingPostPool	ArrayList()	java.util.ArrayList	SOURCE
org.greenrobot.eventbus.PendingPost	PendingPost(java.lang.Object,org.greenrobot.eventbus.Subscription)	Object()	java.lang.Object	SOURCE
org.greenrobot.eventbus.PendingPost	obtainPendingPost(org.greenrobot.eventbus.Subscription,java.lang.Object)	size()	java.util.List	SOURCE
org.greenrobot.eventbus.PendingPost	obtainPendingPost(org.greenrobot.eventbus.Subscription,java.lang.Object)	remove(int)	java.util.List	SOURCE
org.greenrobot.eventbus.PendingPost	obtainPendingPost(org.greenrobot.eventbus.Subscription,java.lang.Object)	PendingPost(java.lang.Object,org.greenrobot.eventbus.Subscription)	org.greenrobot.eventbus.PendingPost	SOURCE
org.greenrobot.eventbus.PendingPost	releasePendingPost(org.greenrobot.eventbus.PendingPost)	size()	java.util.List	SOURCE
org.greenrobot.eventbus.PendingPost	releasePendingPost(org.greenrobot.eventbus.PendingPost)	add(E)	java.util.List	SOURCE
org.greenrobot.eventbus.PendingPostQueue	enqueue(org.greenrobot.eventbus.PendingPost)	NullPointerException(java.lang.String)	java.lang.NullPointerException	SOURCE
org.greenrobot.eventbus.PendingPostQueue	enqueue(org.greenrobot.eventbus.PendingPost)	IllegalStateException(java.lang.String)	java.lang.IllegalStateException	SOURCE
org.greenrobot.eventbus.PendingPostQueue	enqueue(org.greenrobot.eventbus.PendingPost)	notifyAll()	java.lang.Object	SOURCE
org.greenrobot.eventbus.PendingPostQueue	poll(int)	wait(long)	java.lang.Object	SOURCE
org.greenrobot.eventbus.PendingPostQueue	poll(int)	poll()	org.greenrobot.eventbus.PendingPostQueue	SOURCE
org.greenrobot.eventbus.SubscriberExceptionEvent	SubscriberExceptionEvent(org.greenrobot.eventbus.EventBus,java.lang.Throwable,java.lang.Object,java.lang.Object)	Object()	java.lang.Object	SOURCE
org.greenrobot.eventbus.util.ThrowableFailureEvent	ThrowableFailureEvent(java.lang.Throwable)	Object()	java.lang.Object	SOURCE
org.greenrobot.eventbus.util.ThrowableFailureEvent	ThrowableFailureEvent(java.lang.Throwable,boolean)	Object()	java.lang.Object	SOURCE
org.greenrobot.eventbus.util.AsyncExecutor$Builder	Builder()	Object()	java.lang.Object	SOURCE
org.greenrobot.eventbus.util.AsyncExecutor$Builder	build()	buildForScope(java.lang.Object)	org.greenrobot.eventbus.util.AsyncExecutor$Builder	SOURCE
org.greenrobot.eventbus.util.AsyncExecutor$Builder	buildForScope(java.lang.Object)	getDefault()	org.greenrobot.eventbus.EventBus	SOURCE
org.greenrobot.eventbus.util.AsyncExecutor$Builder	buildForScope(java.lang.Object)	newCachedThreadPool()	java.util.concurrent.Executors	SOURCE
org.greenrobot.eventbus.util.AsyncExecutor$Builder	buildForScope(java.lang.Object)	AsyncExecutor(java.util.concurrent.Executor,org.greenrobot.eventbus.EventBus,java.lang.Class,java.lang.Object)	org.greenrobot.eventbus.util.AsyncExecutor	SOURCE
org.greenrobot.eventbus.util.AsyncExecutor	builder()	Builder()	org.greenrobot.eventbus.util.AsyncExecutor$Builder	SOURCE
org.greenrobot.eventbus.util.AsyncExecutor	create()	build()	org.greenrobot.eventbus.util.AsyncExecutor$Builder	SOURCE
org.greenrobot.eventbus.util.AsyncExecutor	create()	Builder()	org.greenrobot.eventbus.util.AsyncExecutor$Builder	SOURCE
org.greenrobot.eventbus.util.AsyncExecutor	AsyncExecutor(java.util.concurrent.Executor,org.greenrobot.eventbus.EventBus,java.lang.Class,java.lang.Object)	Object()	java.lang.Object	SOURCE
org.greenrobot.eventbus.util.AsyncExecutor	AsyncExecutor(java.util.concurrent.Executor,org.greenrobot.eventbus.EventBus,java.lang.Class,java.lang.Object)	getConstructor(java.lang.Class[])	java.lang.Class	SOURCE
org.greenrobot.eventbus.util.AsyncExecutor	AsyncExecutor(java.util.concurrent.Executor,org.greenrobot.eventbus.EventBus,java.lang.Class,java.lang.Object)	RuntimeException(java.lang.String,java.lang.Throwable)	java.lang.RuntimeException	SOURCE
org.greenrobot.eventbus.util.AsyncExecutor	execute(org.greenrobot.eventbus.util.AsyncExecutor.RunnableEx)	execute(java.lang.Runnable)	java.util.concurrent.Executor	SOURCE
org.greenrobot.eventbus.util.AsyncExecutor	execute(org.greenrobot.eventbus.util.AsyncExecutor.RunnableEx)	run()	java.lang.Runnable	SOURCE
org.greenrobot.eventbus.util.AsyncExecutor	execute(org.greenrobot.eventbus.util.AsyncExecutor.RunnableEx)	run()	org.greenrobot.eventbus.util.AsyncExecutor$RunnableEx	SOURCE
org.greenrobot.eventbus.util.AsyncExecutor	execute(org.greenrobot.eventbus.util.AsyncExecutor.RunnableEx)	newInstance(java.lang.Object[])	java.lang.reflect.Constructor	SOURCE
org.greenrobot.eventbus.util.AsyncExecutor	execute(org.greenrobot.eventbus.util.AsyncExecutor.RunnableEx)	log(java.util.logging.Level,java.lang.String,java.lang.Throwable)	org.greenrobot.eventbus.Logger	SOURCE
org.greenrobot.eventbus.util.AsyncExecutor	execute(org.greenrobot.eventbus.util.AsyncExecutor.RunnableEx)	getLogger()	org.greenrobot.eventbus.EventBus	SOURCE
org.greenrobot.eventbus.util.AsyncExecutor	execute(org.greenrobot.eventbus.util.AsyncExecutor.RunnableEx)	RuntimeException(java.lang.String,java.lang.Throwable)	java.lang.RuntimeException	SOURCE
org.greenrobot.eventbus.util.AsyncExecutor	execute(org.greenrobot.eventbus.util.AsyncExecutor.RunnableEx)	setExecutionScope(java.lang.Object)	org.greenrobot.eventbus.util.HasExecutionScope	SOURCE
org.greenrobot.eventbus.util.AsyncExecutor	execute(org.greenrobot.eventbus.util.AsyncExecutor.RunnableEx)	post(java.lang.Object)	org.greenrobot.eventbus.EventBus	SOURCE
org.greenrobot.eventbus.util.ExceptionToResourceMapping	ExceptionToResourceMapping()	Object()	java.lang.Object	SOURCE
org.greenrobot.eventbus.util.ExceptionToResourceMapping	ExceptionToResourceMapping()	HashMap()	java.util.HashMap	SOURCE
org.greenrobot.eventbus.util.ExceptionToResourceMapping	mapThrowable(java.lang.Throwable)	mapThrowableFlat(java.lang.Throwable)	org.greenrobot.eventbus.util.ExceptionToResourceMapping	SOURCE
org.greenrobot.eventbus.util.ExceptionToResourceMapping	mapThrowable(java.lang.Throwable)	getCause()	java.lang.Throwable	SOURCE
org.greenrobot.eventbus.util.ExceptionToResourceMapping	mapThrowable(java.lang.Throwable)	get()	org.greenrobot.eventbus.Logger$Default	SOURCE
org.greenrobot.eventbus.util.ExceptionToResourceMapping	mapThrowable(java.lang.Throwable)	log(java.util.logging.Level,java.lang.String)	org.greenrobot.eventbus.Logger	SOURCE
org.greenrobot.eventbus.util.ExceptionToResourceMapping	mapThrowableFlat(java.lang.Throwable)	getClass()	java.lang.Object	SOURCE
org.greenrobot.eventbus.util.ExceptionToResourceMapping	mapThrowableFlat(java.lang.Throwable)	get(java.lang.Object)	java.util.Map	SOURCE
org.greenrobot.eventbus.util.ExceptionToResourceMapping	mapThrowableFlat(java.lang.Throwable)	entrySet()	java.util.Map	SOURCE
org.greenrobot.eventbus.util.ExceptionToResourceMapping	mapThrowableFlat(java.lang.Throwable)	getKey()	java.util.Map$Entry	SOURCE
org.greenrobot.eventbus.util.ExceptionToResourceMapping	mapThrowableFlat(java.lang.Throwable)	isAssignableFrom(java.lang.Class)	java.lang.Class	SOURCE
org.greenrobot.eventbus.util.ExceptionToResourceMapping	mapThrowableFlat(java.lang.Throwable)	isAssignableFrom(java.lang.Class)	java.lang.Class	SOURCE
org.greenrobot.eventbus.util.ExceptionToResourceMapping	mapThrowableFlat(java.lang.Throwable)	getValue()	java.util.Map$Entry	SOURCE
org.greenrobot.eventbus.util.ExceptionToResourceMapping	addMapping(java.lang.Class,int)	put(K,V)	java.util.Map	SOURCE
org.greenrobot.eventbus.meta.SimpleSubscriberInfo	SimpleSubscriberInfo(java.lang.Class,boolean,org.greenrobot.eventbus.meta.SubscriberMethodInfo[])	AbstractSubscriberInfo(java.lang.Class,java.lang.Class,boolean)	org.greenrobot.eventbus.meta.AbstractSubscriberInfo	SOURCE
org.greenrobot.eventbus.meta.SimpleSubscriberInfo	getSubscriberMethods()	createSubscriberMethod(java.lang.String,java.lang.Class,org.greenrobot.eventbus.ThreadMode,int,boolean)	org.greenrobot.eventbus.meta.AbstractSubscriberInfo	SOURCE
org.greenrobot.eventbus.meta.AbstractSubscriberInfo	AbstractSubscriberInfo(java.lang.Class,java.lang.Class,boolean)	Object()	java.lang.Object	SOURCE
org.greenrobot.eventbus.meta.AbstractSubscriberInfo	getSuperSubscriberInfo()	newInstance()	java.lang.Class	SOURCE
org.greenrobot.eventbus.meta.AbstractSubscriberInfo	getSuperSubscriberInfo()	RuntimeException(java.lang.Throwable)	java.lang.RuntimeException	SOURCE
org.greenrobot.eventbus.meta.AbstractSubscriberInfo	getSuperSubscriberInfo()	RuntimeException(java.lang.Throwable)	java.lang.RuntimeException	SOURCE
org.greenrobot.eventbus.meta.AbstractSubscriberInfo	createSubscriberMethod(java.lang.String,java.lang.Class)	createSubscriberMethod(java.lang.String,java.lang.Class,org.greenrobot.eventbus.ThreadMode,int,boolean)	org.greenrobot.eventbus.meta.AbstractSubscriberInfo	SOURCE
org.greenrobot.eventbus.meta.AbstractSubscriberInfo	createSubscriberMethod(java.lang.String,java.lang.Class,org.greenrobot.eventbus.ThreadMode)	createSubscriberMethod(java.lang.String,java.lang.Class,org.greenrobot.eventbus.ThreadMode,int,boolean)	org.greenrobot.eventbus.meta.AbstractSubscriberInfo	SOURCE
org.greenrobot.eventbus.meta.AbstractSubscriberInfo	createSubscriberMethod(java.lang.String,java.lang.Class,org.greenrobot.eventbus.ThreadMode,int,boolean)	getDeclaredMethod(java.lang.String,java.lang.Class[])	java.lang.Class	SOURCE
org.greenrobot.eventbus.meta.AbstractSubscriberInfo	createSubscriberMethod(java.lang.String,java.lang.Class,org.greenrobot.eventbus.ThreadMode,int,boolean)	SubscriberMethod(java.lang.reflect.Method,java.lang.Class,org.greenrobot.eventbus.ThreadMode,int,boolean)	org.greenrobot.eventbus.SubscriberMethod	SOURCE
org.greenrobot.eventbus.meta.AbstractSubscriberInfo	createSubscriberMethod(java.lang.String,java.lang.Class,org.greenrobot.eventbus.ThreadMode,int,boolean)	EventBusException(java.lang.String,java.lang.Throwable)	org.greenrobot.eventbus.EventBusException	SOURCE
org.greenrobot.eventbus.meta.SubscriberMethodInfo	SubscriberMethodInfo(java.lang.String,java.lang.Class,org.greenrobot.eventbus.ThreadMode,int,boolean)	Object()	java.lang.Object	SOURCE
org.greenrobot.eventbus.meta.SubscriberMethodInfo	SubscriberMethodInfo(java.lang.String,java.lang.Class)	SubscriberMethodInfo(java.lang.String,java.lang.Class,org.greenrobot.eventbus.ThreadMode,int,boolean)	org.greenrobot.eventbus.meta.SubscriberMethodInfo	SOURCE
org.greenrobot.eventbus.meta.SubscriberMethodInfo	SubscriberMethodInfo(java.lang.String,java.lang.Class,org.greenrobot.eventbus.ThreadMode)	SubscriberMethodInfo(java.lang.String,java.lang.Class,org.greenrobot.eventbus.ThreadMode,int,boolean)	org.greenrobot.eventbus.meta.SubscriberMethodInfo	SOURCE
org.greenrobot.eventbus.android.AndroidComponents	null	isAndroidSDKAvailable()	org.greenrobot.eventbus.android.AndroidDependenciesDetector	SOURCE
org.greenrobot.eventbus.android.AndroidComponents	null	instantiateAndroidComponents()	org.greenrobot.eventbus.android.AndroidDependenciesDetector	SOURCE
org.greenrobot.eventbus.android.AndroidComponents	AndroidComponents(org.greenrobot.eventbus.Logger,org.greenrobot.eventbus.MainThreadSupport)	Object()	java.lang.Object	SOURCE
org.greenrobot.eventbus.android.AndroidDependenciesDetector	isAndroidSDKAvailable()	forName(java.lang.String)	java.lang.Class	SOURCE
org.greenrobot.eventbus.android.AndroidDependenciesDetector	isAndroidSDKAvailable()	getDeclaredMethod(java.lang.String,java.lang.Class[])	java.lang.Class	SOURCE
org.greenrobot.eventbus.android.AndroidDependenciesDetector	isAndroidSDKAvailable()	invoke(java.lang.Object,java.lang.Object[])	java.lang.reflect.Method	SOURCE
org.greenrobot.eventbus.android.AndroidDependenciesDetector	areAndroidComponentsAvailable()	forName(java.lang.String)	java.lang.Class	SOURCE
org.greenrobot.eventbus.android.AndroidDependenciesDetector	instantiateAndroidComponents()	forName(java.lang.String)	java.lang.Class	SOURCE
org.greenrobot.eventbus.android.AndroidDependenciesDetector	instantiateAndroidComponents()	newInstance(java.lang.Object[])	java.lang.reflect.Constructor	SOURCE
org.greenrobot.eventbus.android.AndroidDependenciesDetector	instantiateAndroidComponents()	getConstructor(java.lang.Class[])	java.lang.Class	SOURCE
org.greenrobot.eventbus.EventBusException	EventBusException(java.lang.String)	RuntimeException(java.lang.String)	java.lang.RuntimeException	SOURCE
org.greenrobot.eventbus.EventBusException	EventBusException(java.lang.Throwable)	RuntimeException(java.lang.Throwable)	java.lang.RuntimeException	SOURCE
org.greenrobot.eventbus.EventBusException	EventBusException(java.lang.String,java.lang.Throwable)	RuntimeException(java.lang.String,java.lang.Throwable)	java.lang.RuntimeException	SOURCE
org.greenrobot.eventbus.NoSubscriberEvent	NoSubscriberEvent(org.greenrobot.eventbus.EventBus,java.lang.Object)	Object()	java.lang.Object	SOURCE
